id,first_name,last_name,email,gender,ip_address
1,Kristos,Maccrea,kmaccrea0@123-reg.co.uk,Male,129.105.209.199
2,Piggy,Crecy,pcrecy1@goo.ne.jp,Male,128.128.225.89
3,Rod,Ronchetti,rronchetti2@istockphoto.com,Male,43.234.206.182
4,Demetre,McDuall,dmcduall3@cmu.edu,Male,92.169.168.220
5,Noami,Muffen,nmuffen4@time.com,Female,58.128.109.63
6,Marian,Veale,mveale5@samsung.com,Female,7.16.140.47
7,Maddalena,Souten,msouten6@dion.ne.jp,Polygender,202.225.49.77
8,Candi,O'Mannion,comannion7@newsvine.com,Female,41.26.230.245
9,Claudina,Osband,cosband8@nps.gov,Genderfluid,29.86.57.197
10,Emmett,Minillo,eminillo9@miitbeian.gov.cn,Male,46.46.230.39
11,Julietta,Reicherz,jreicherza@youtu.be,Female,233.1.43.78
12,Bidget,Dack,bdackb@comcast.net,Female,224.105.162.190
13,Ashlee,Gippes,agippesc@comcast.net,Female,250.133.162.137
14,Fiann,Fesby,ffesbyd@wufoo.com,Female,211.55.199.45
15,Dorena,Rohlfing,drohlfinge@blinklist.com,Female,248.139.129.12
16,Norina,Labrenz,nlabrenzf@washington.edu,Female,143.147.118.40
17,Dar,Roux,drouxg@google.cn,Male,7.4.249.242
18,Vivi,Kilmister,vkilmisterh@narod.ru,Female,227.89.75.33
19,Brena,Oldershaw,boldershawi@mit.edu,Female,103.13.175.202
20,Celene,Brinkman,cbrinkmanj@t.co,Female,62.143.142.243