id,first_name,last_name,email,gender,ip_address
1,Millard,Lis,mlis0@archive.org,Male,228.19.195.46
2,Bryon,Markwell,bmarkwell1@google.es,Male,202.225.35.80
3,Edgard,Hurren,ehurren2@ibm.com,Male,22.204.187.40
4,Kennie,Chillcot,kchillcot3@pen.io,Male,151.251.65.65
5,Alisander,Taylor,ataylor4@yelp.com,Bigender,184.44.254.168
6,Ricoriki,Lydon,rlydon5@sitemeter.com,Male,198.164.56.203
7,Dore,Horlick,dhorlick6@wired.com,Genderqueer,133.80.49.43
8,Bearnard,Drysdell,bdrysdell7@amazonaws.com,Male,46.199.123.38
9,Rhoda,Gioan,rgioan8@slideshare.net,Female,5.96.126.244
10,Herculie,Itzkowicz,hitzkowicz9@dyndns.org,Male,78.129.104.105
11,Alfonse,Lawlor,alawlora@newsvine.com,Male,252.51.9.200
12,Bunnie,Nelane,bnelaneb@indiegogo.com,Female,2.152.156.79
13,Nate,O'Heagertie,noheagertiec@nytimes.com,Male,48.17.234.24
14,Ayn,Reitenbach,areitenbachd@nature.com,Female,180.165.2.128
15,Dru,Harwood,dharwoode@mtv.com,Female,8.0.64.23
16,Nicolea,Stookes,nstookesf@marketwatch.com,Female,123.220.31.88
17,Fiorenze,Jumeau,fjumeaug@huffingtonpost.com,Female,235.139.4.180
18,Carley,Rennick,crennickh@studiopress.com,Female,154.171.33.87
19,Moll,De Few,mdefewi@guardian.co.uk,Female,246.223.46.49
20,Kincaid,Redan,kredanj@dailymotion.com,Male,162.32.222.7
21,Enriqueta,McCrackan,emccrackank@vistaprint.com,Female,214.70.22.48
22,Thomasine,Hucker,thuckerl@github.io,Female,89.80.230.33
23,Juliette,Fausset,jfaussetm@diigo.com,Female,190.169.251.197
24,Grover,Birrane,gbirranen@mail.ru,Male,250.177.100.237
25,Erma,Chanter,echantero@accuweather.com,Female,22.8.168.247
26,Aurea,Le Provost,aleprovostp@soup.io,Genderqueer,95.91.174.105
27,Peter,Dagworthy,pdagworthyq@google.co.uk,Male,209.88.14.241
28,Hastie,Wapples,hwapplesr@desdev.cn,Genderqueer,70.107.216.67
29,Salomon,Yitzhok,syitzhoks@slate.com,Male,140.92.233.1
30,Devondra,Bastard,dbastardt@foxnews.com,Female,25.232.125.117
31,Zacharias,Eliasson,zeliassonu@usda.gov,Male,189.192.113.108
32,Diarmid,Newport,dnewportv@yolasite.com,Male,252.235.149.56
33,Alexis,Ashness,aashnessw@telegraph.co.uk,Female,178.51.220.53
34,Dukey,Webburn,dwebburnx@weebly.com,Male,195.23.6.132
35,Jocelyn,Baiyle,jbaiyley@bbb.org,Female,232.247.54.178
36,Aliza,Wilshire,awilshirez@studiopress.com,Female,131.38.207.40
37,Blanca,Nuccitelli,bnuccitelli10@g.co,Female,60.179.59.225
38,Elmo,Caspell,ecaspell11@pen.io,Male,154.113.211.194
39,Elsinore,Frary,efrary12@smugmug.com,Female,61.117.28.108
40,Deb,Trembley,dtrembley13@loc.gov,Female,91.126.56.169
41,Forster,Massel,fmassel14@harvard.edu,Male,162.11.189.36
42,Franky,Tullis,ftullis15@prlog.org,Male,57.16.171.102
43,Yurik,Blanshard,yblanshard16@pcworld.com,Male,123.45.23.106
44,Aldrich,Romao,aromao17@omniture.com,Genderfluid,45.208.70.70
45,Pippa,Mollon,pmollon18@apple.com,Female,65.196.29.138
46,Arnuad,Braunds,abraunds19@google.ca,Male,109.156.191.221
47,Allyn,Swainger,aswainger1a@apple.com,Male,148.192.35.160
48,Nataline,O'Shavlan,noshavlan1b@mashable.com,Female,38.9.154.169
49,Wang,Jestico,wjestico1c@oaic.gov.au,Male,144.92.119.135
50,Ileana,Tie,itie1d@theguardian.com,Female,121.192.218.225
51,Giffard,Linkie,glinkie1e@networksolutions.com,Male,1.210.153.9
52,Timoteo,Seine,tseine1f@shutterfly.com,Male,151.58.99.21
53,Anastassia,Jerger,ajerger1g@amazon.co.jp,Female,190.29.235.118
54,Brittan,Hardwell,bhardwell1h@vinaora.com,Female,26.113.244.1
55,Cilka,Treeby,ctreeby1i@mozilla.com,Female,159.197.149.18
56,Muffin,Goering,mgoering1j@timesonline.co.uk,Female,217.125.208.215
57,Rogerio,Leifer,rleifer1k@opensource.org,Bigender,78.140.50.106
58,Reade,Schirok,rschirok1l@wsj.com,Male,218.34.86.107
59,Milicent,Dullaghan,mdullaghan1m@gizmodo.com,Female,189.122.157.195
60,Hugo,Crighton,hcrighton1n@imdb.com,Male,151.223.64.178
61,Darell,Langmead,dlangmead1o@wisc.edu,Female,185.92.206.115
62,Nan,Noar,nnoar1p@instagram.com,Female,154.57.196.254
63,Lauretta,Millmore,lmillmore1q@goo.gl,Female,128.173.172.190
64,Tisha,Rivalland,trivalland1r@cargocollective.com,Female,236.201.70.26
65,Anallese,Krammer,akrammer1s@sfgate.com,Female,119.36.201.144
66,Cloe,Sergean,csergean1t@toplist.cz,Female,56.226.136.22
67,Sheffy,Buckell,sbuckell1u@google.co.jp,Male,99.171.209.157
68,Madella,Feldheim,mfeldheim1v@odnoklassniki.ru,Female,248.85.12.51
69,Christa,MacMenamie,cmacmenamie1w@gov.uk,Female,192.190.0.189
70,Quintus,Stoute,qstoute1x@dropbox.com,Male,156.97.152.209
71,Chip,Freckingham,cfreckingham1y@liveinternet.ru,Male,194.135.244.153
72,Leonid,Puzey,lpuzey1z@mapquest.com,Genderqueer,206.3.156.44
73,Kienan,Orteaux,korteaux20@weather.com,Male,109.197.26.9
74,Valene,Aitkenhead,vaitkenhead21@wp.com,Female,29.88.66.143
75,Valery,Ekkel,vekkel22@is.gd,Female,38.60.62.155
76,Vannie,Plain,vplain23@discovery.com,Female,196.188.216.202
77,Therese,Essex,tessex24@nbcnews.com,Female,124.114.127.78
78,Filide,McAline,fmcaline25@amazon.co.jp,Female,229.29.209.98
79,Dominga,Bassom,dbassom26@columbia.edu,Female,156.9.216.229
80,Irena,Gowler,igowler27@tiny.cc,Female,121.100.209.235
81,Colet,Worsall,cworsall28@amazon.co.uk,Male,248.66.187.145
82,Care,Hardison,chardison29@archive.org,Male,208.12.172.121
83,Gerri,Gliddon,ggliddon2a@123-reg.co.uk,Polygender,175.179.187.64
84,Burg,Nassey,bnassey2b@zimbio.com,Male,210.70.72.126
85,Mitchel,Levitt,mlevitt2c@ebay.com,Male,7.10.91.228
86,Borden,Blayney,bblayney2d@cyberchimps.com,Male,210.65.200.3
87,Felipa,Rae,frae2e@meetup.com,Female,51.234.128.164
88,Keven,Packham,kpackham2f@sogou.com,Male,3.149.138.139
89,Kimball,Climson,kclimson2g@washingtonpost.com,Male,46.102.15.43
90,Guillaume,Wellbelove,gwellbelove2h@economist.com,Male,64.227.248.98
91,Jeanne,MacPaike,jmacpaike2i@cisco.com,Female,208.227.196.1
92,Ludvig,Brommage,lbrommage2j@dailymotion.com,Male,174.245.251.97
93,Killian,Soutar,ksoutar2k@howstuffworks.com,Male,185.122.105.172
94,Dur,Degoe,ddegoe2l@tuttocitta.it,Male,73.93.119.182
95,Rutger,Liebmann,rliebmann2m@goo.gl,Male,0.190.147.114
96,Jaimie,Snookes,jsnookes2n@discuz.net,Female,180.113.118.174
97,Weylin,Chapelhow,wchapelhow2o@imgur.com,Male,20.72.78.134
98,Goraud,Valasek,gvalasek2p@wordpress.org,Male,8.21.202.124
99,Bianka,Payne,bpayne2q@home.pl,Genderfluid,83.68.123.51
100,Anabel,Bendan,abendan2r@cafepress.com,Female,164.54.174.215
101,Vance,Regardsoe,vregardsoe2s@github.io,Male,72.35.125.120
102,Bondy,Bownde,bbownde2t@rambler.ru,Male,148.85.10.87
103,Charmain,Cavaney,ccavaney2u@sun.com,Female,42.76.35.155
104,Raleigh,Beden,rbeden2v@newsvine.com,Male,30.19.124.61
105,Kittie,Tebald,ktebald2w@cbslocal.com,Female,112.131.106.202
106,Valma,Linbohm,vlinbohm2x@g.co,Female,149.135.206.214
107,Shandy,Lambdin,slambdin2y@jiathis.com,Female,238.240.38.192
108,Bourke,Hafner,bhafner2z@techcrunch.com,Male,87.76.218.153
109,Charlie,Guye,cguye30@timesonline.co.uk,Male,78.205.237.45
110,Aksel,Worcs,aworcs31@about.me,Male,181.53.51.84
111,Katerina,Giannotti,kgiannotti32@thetimes.co.uk,Female,110.151.19.41
112,Glenna,Ratlee,gratlee33@cam.ac.uk,Female,232.34.255.148
113,Madelene,Ebben,mebben34@time.com,Female,50.100.78.122
114,Kimberley,Colgrave,kcolgrave35@i2i.jp,Female,142.210.44.17
115,Debi,Newton,dnewton36@posterous.com,Female,177.29.22.119
116,Jacob,Hallbird,jhallbird37@fotki.com,Male,48.122.203.98
117,Shep,Iston,siston38@is.gd,Male,230.196.129.27
118,Orly,Dewi,odewi39@oaic.gov.au,Female,161.130.166.79
119,Dolli,Pyson,dpyson3a@mail.ru,Polygender,91.11.173.43
120,Mordy,Joselovitch,mjoselovitch3b@netscape.com,Male,153.179.234.131
121,Margareta,Butlin,mbutlin3c@blogspot.com,Female,37.83.212.191
122,Stevy,Boocock,sboocock3d@mapy.cz,Male,237.219.72.117
123,Jill,Lycett,jlycett3e@soundcloud.com,Female,0.223.37.205
124,Licha,Curnnok,lcurnnok3f@mediafire.com,Female,147.2.174.71
125,Ellary,Duffil,eduffil3g@whitehouse.gov,Male,33.184.65.41
126,Patty,Petican,ppetican3h@digg.com,Male,103.138.15.148
127,Rebeka,Lear,rlear3i@thetimes.co.uk,Female,47.69.155.86
128,Fredelia,Wortley,fwortley3j@oakley.com,Female,185.7.220.254
129,Osbourn,Fell,ofell3k@ted.com,Male,247.157.44.103
130,Margeaux,Oke,moke3l@bloglines.com,Female,57.1.189.24
131,Kitti,MacVicar,kmacvicar3m@ca.gov,Female,212.198.11.6
132,Davy,Diglin,ddiglin3n@ucsd.edu,Male,198.19.44.146
133,El,Trevaskus,etrevaskus3o@tinypic.com,Male,236.39.193.51
134,Terrijo,Buyers,tbuyers3p@fastcompany.com,Female,163.150.103.178
135,Shelton,Peddel,speddel3q@hostgator.com,Male,23.226.178.116
136,Charleen,Toomey,ctoomey3r@psu.edu,Female,167.82.2.39
137,Casey,Middler,cmiddler3s@discuz.net,Male,120.168.81.210
138,Ami,Melmeth,amelmeth3t@mit.edu,Genderqueer,209.128.127.121
139,Charmion,Pirdue,cpirdue3u@mtv.com,Female,222.14.119.164
140,Albertine,Brandel,abrandel3v@digg.com,Bigender,1.52.163.129
141,Barbie,Marquet,bmarquet3w@google.nl,Female,121.5.242.155
142,Solomon,Murfett,smurfett3x@usgs.gov,Male,108.254.136.219
143,Melessa,Norley,mnorley3y@vistaprint.com,Female,138.191.253.41
144,Darin,Sainsbury,dsainsbury3z@clickbank.net,Male,22.47.32.76
145,Ilaire,Corkett,icorkett40@google.co.uk,Male,114.54.232.144
146,Kinna,Ramsbotham,kramsbotham41@github.io,Female,194.149.131.144
147,Norine,Ericssen,nericssen42@washingtonpost.com,Female,107.75.69.145
148,Elspeth,Conyard,econyard43@1688.com,Female,168.50.6.18
149,Gretta,Ickov,gickov44@myspace.com,Female,85.34.216.240
150,Hetti,Brendel,hbrendel45@arstechnica.com,Female,232.60.251.97
151,Laurie,Mattiazzo,lmattiazzo46@marriott.com,Female,168.202.120.0
152,Leo,Blockley,lblockley47@moonfruit.com,Male,109.128.221.165
153,Benny,Millmoe,bmillmoe48@mtv.com,Male,129.193.172.87
154,Hubey,Marton,hmarton49@house.gov,Male,25.152.102.101
155,Tawnya,Stillwell,tstillwell4a@homestead.com,Female,164.193.54.183
156,Kinsley,Minchinton,kminchinton4b@intel.com,Polygender,198.88.170.125
157,Guglielmo,Egdal,gegdal4c@umich.edu,Male,12.34.91.148
158,Stacy,Toland,stoland4d@instagram.com,Female,203.71.219.170
159,Mychal,Ludl,mludl4e@netlog.com,Agender,58.168.85.108
160,Lissy,Primarolo,lprimarolo4f@creativecommons.org,Female,181.183.51.62
161,Holt,Jiroudek,hjiroudek4g@statcounter.com,Male,70.152.192.131
162,Nilson,Mountain,nmountain4h@nih.gov,Male,170.145.220.37
163,Neall,Snepp,nsnepp4i@netlog.com,Male,4.17.170.187
164,Octavia,Crosswaite,ocrosswaite4j@diigo.com,Female,233.53.5.110
165,Rory,Abramin,rabramin4k@drupal.org,Non-binary,85.125.156.12
166,Putnem,Rouf,prouf4l@sohu.com,Male,153.111.148.155
167,Noellyn,Bettinson,nbettinson4m@aol.com,Female,174.169.100.32
168,John,Peirson,jpeirson4n@patch.com,Male,252.165.76.109
169,Clementia,Buncombe,cbuncombe4o@weather.com,Female,202.234.123.241
170,Thor,Sherratt,tsherratt4p@chicagotribune.com,Male,247.242.111.238
171,Cicily,Bonafacino,cbonafacino4q@nifty.com,Female,153.167.233.99
172,Bibbie,Melville,bmelville4r@cnet.com,Female,182.251.132.65
173,Elsa,Goslin,egoslin4s@amazon.co.uk,Female,19.230.178.1
174,Marlow,Simic,msimic4t@discuz.net,Male,6.58.178.213
175,Katina,Steiner,ksteiner4u@samsung.com,Female,92.189.50.147
176,Marika,Vauter,mvauter4v@sina.com.cn,Female,219.57.71.5
177,Karleen,Saffell,ksaffell4w@last.fm,Female,183.6.51.127
178,Iona,Lever,ilever4x@pen.io,Female,197.62.124.247
179,Corilla,Duffin,cduffin4y@dyndns.org,Female,55.193.77.171
180,Chelsae,Babber,cbabber4z@narod.ru,Female,146.149.157.64
181,Caspar,Flower,cflower50@hugedomains.com,Male,68.222.139.237
182,Evvy,Wisedale,ewisedale51@dot.gov,Female,216.210.250.20
183,Maxine,Slowgrove,mslowgrove52@cloudflare.com,Female,141.73.19.166
184,Wit,Skeffington,wskeffington53@berkeley.edu,Male,153.94.20.127
185,Chen,Simons,csimons54@weebly.com,Male,173.125.244.114
186,Caesar,Farfoot,cfarfoot55@tumblr.com,Genderqueer,213.72.219.184
187,Esme,Olivera,eolivera56@istockphoto.com,Female,250.118.222.75
188,Dominic,Hulburd,dhulburd57@com.com,Male,42.24.215.34
189,Goraud,Wissby,gwissby58@smugmug.com,Male,103.82.114.239
190,Shirleen,Cathrall,scathrall59@nyu.edu,Female,94.202.0.151
191,Laurie,Pallis,lpallis5a@a8.net,Female,189.186.148.133
192,Rubi,Wildman,rwildman5b@dailymotion.com,Female,67.120.239.86
193,Rosamond,O'Lennane,rolennane5c@bloglines.com,Female,209.224.231.163
194,Corinna,Wemes,cwemes5d@csmonitor.com,Female,248.46.195.208
195,Avie,Clemmensen,aclemmensen5e@multiply.com,Female,50.247.129.19
196,Nickola,Gerritsma,ngerritsma5f@baidu.com,Male,244.143.187.209
197,Raff,Blacktin,rblacktin5g@sogou.com,Male,68.112.242.66
198,Mile,Blackhall,mblackhall5h@shareasale.com,Genderqueer,28.216.32.170
199,Vaughn,Ferronet,vferronet5i@deliciousdays.com,Male,39.139.222.203
200,Andrey,Brimley,abrimley5j@hatena.ne.jp,Male,226.218.240.170
201,Eadith,Rame,erame5k@cmu.edu,Female,167.74.185.129
202,Kris,Colly,kcolly5l@tinyurl.com,Female,99.210.165.174
203,Jerald,Vasyukov,jvasyukov5m@cargocollective.com,Polygender,107.91.62.61
204,Slade,Goozee,sgoozee5n@edublogs.org,Male,218.191.2.59
205,Donnamarie,Ickovitz,dickovitz5o@comsenz.com,Female,255.217.254.211
206,Cyndy,Ottosen,cottosen5p@wikispaces.com,Female,185.46.54.246
207,Freddie,Schiell,fschiell5q@google.nl,Male,136.130.226.125
208,Chrisse,Polkinghorne,cpolkinghorne5r@sciencedaily.com,Male,50.169.111.2
209,Chaddy,Laughton,claughton5s@indiatimes.com,Male,9.124.73.64
210,Rolf,Shillan,rshillan5t@ocn.ne.jp,Male,243.157.162.17
211,Stirling,Gostridge,sgostridge5u@wix.com,Male,42.193.8.158
212,Dale,Pucker,dpucker5v@bloglines.com,Male,138.68.7.217
213,Omero,Petford,opetford5w@mit.edu,Male,236.173.176.214
214,Theo,Lockier,tlockier5x@vk.com,Male,110.5.34.1
215,Charlot,Perillo,cperillo5y@weather.com,Female,202.239.105.111
216,Pasquale,Summersett,psummersett5z@bloglines.com,Male,138.7.103.216
217,Hymie,Branch,hbranch60@princeton.edu,Male,47.72.131.137
218,Lyndel,Broadway,lbroadway61@last.fm,Female,253.37.42.116
219,Diandra,O'Doherty,dodoherty62@baidu.com,Female,191.158.146.131
220,Reade,Kerfoot,rkerfoot63@digg.com,Male,61.148.37.146
221,Bab,Medling,bmedling64@cloudflare.com,Female,95.154.164.6
222,Leigha,Voysey,lvoysey65@blinklist.com,Female,73.11.158.1
223,Ivan,Weedenburg,iweedenburg66@mapy.cz,Male,184.240.144.160
224,Ethyl,Avramow,eavramow67@deliciousdays.com,Female,205.53.134.50
225,Bail,Keatch,bkeatch68@vistaprint.com,Male,56.27.184.125
226,Arly,Antonoyev,aantonoyev69@techcrunch.com,Female,130.217.207.203
227,Rock,Prew,rprew6a@patch.com,Male,106.125.53.212
228,Goraud,Evequot,gevequot6b@sbwire.com,Polygender,62.40.124.30
229,Tammara,Kench,tkench6c@gnu.org,Female,43.65.151.61
230,Tiler,Martinet,tmartinet6d@howstuffworks.com,Male,104.177.136.234
231,Dennie,Persicke,dpersicke6e@nytimes.com,Female,194.0.5.160
232,Deeyn,Daborne,ddaborne6f@lycos.com,Female,196.96.122.128
233,Yance,Scorah,yscorah6g@gnu.org,Male,117.41.12.179
234,Rozalie,Wotherspoon,rwotherspoon6h@1688.com,Female,106.138.70.160
235,Ellene,Frangello,efrangello6i@pen.io,Genderfluid,248.36.84.171
236,Powell,Phipps,pphipps6j@narod.ru,Male,202.25.151.202
237,Chip,Ecclesall,cecclesall6k@dion.ne.jp,Male,68.193.164.157
238,Rene,Crofts,rcrofts6l@eventbrite.com,Female,105.173.111.238
239,Regine,Pritty,rpritty6m@sogou.com,Female,168.105.25.4
240,Loy,Drysdale,ldrysdale6n@de.vu,Male,198.236.255.50
241,Nadine,Archer,narcher6o@example.com,Female,85.86.217.49
242,Gaven,Dickens,gdickens6p@360.cn,Male,65.108.213.240
243,Birgitta,Clayal,bclayal6q@clickbank.net,Female,62.20.122.159
244,Jacques,Barkley,jbarkley6r@shutterfly.com,Male,106.141.152.155
245,Guntar,Asp,gasp6s@smugmug.com,Male,219.26.56.199
246,Gregor,Mayer,gmayer6t@exblog.jp,Male,216.201.203.183
247,Arne,Borell,aborell6u@nhs.uk,Male,180.123.228.251
248,Leora,Alekhov,lalekhov6v@shareasale.com,Female,86.148.16.203
249,Magdalena,Gye,mgye6w@ycombinator.com,Female,91.81.180.254
250,Evin,Vairow,evairow6x@posterous.com,Male,51.113.104.79
251,Kristi,Limbert,klimbert6y@google.com,Genderqueer,92.127.250.34
252,Kylen,Bes,kbes6z@globo.com,Female,30.55.69.173
253,Giulia,Finby,gfinby70@shinystat.com,Female,254.113.241.9
254,Babs,Blagbrough,bblagbrough71@apache.org,Female,38.68.27.64
255,Jackelyn,Tampion,jtampion72@pbs.org,Female,8.232.49.181
256,Herta,Sussex,hsussex73@slashdot.org,Female,227.43.232.21
257,Lyndsay,Gawkes,lgawkes74@mapquest.com,Female,218.160.189.104
258,Lacey,Morefield,lmorefield75@state.gov,Female,166.255.152.119
259,Beltran,Blakeston,bblakeston76@canalblog.com,Male,209.3.181.152
260,Penelope,Pigott,ppigott77@nhs.uk,Genderfluid,228.131.114.219
261,Friederike,Fibbit,ffibbit78@hatena.ne.jp,Female,185.242.236.23
262,Heall,McKirton,hmckirton79@unesco.org,Male,148.67.160.43
263,Winonah,Blowick,wblowick7a@mail.ru,Female,132.146.172.243
264,Shurlock,Kubas,skubas7b@springer.com,Male,168.112.93.34
265,Loraine,Rivel,lrivel7c@buzzfeed.com,Female,116.98.80.237
266,Maximilian,Hughlock,mhughlock7d@artisteer.com,Male,169.13.111.125
267,Rodolfo,Firbank,rfirbank7e@dagondesign.com,Non-binary,178.230.59.60
268,Dyann,Meere,dmeere7f@facebook.com,Female,88.243.19.216
269,Rania,Hallin,rhallin7g@soup.io,Female,42.34.160.33
270,Alyosha,D'Aubney,adaubney7h@wikipedia.org,Male,17.134.9.237
271,Birk,Marikhin,bmarikhin7i@theatlantic.com,Male,89.161.229.42
272,Martha,Sopp,msopp7j@topsy.com,Female,72.36.78.89
273,Hobart,Bavridge,hbavridge7k@friendfeed.com,Male,151.236.12.253
274,Porter,Charlotte,pcharlotte7l@wikimedia.org,Male,65.217.84.108
275,Reiko,Mather,rmather7m@dagondesign.com,Female,225.239.69.179
276,Fabien,Luchetti,fluchetti7n@istockphoto.com,Polygender,220.191.132.120
277,Ailina,Consterdine,aconsterdine7o@so-net.ne.jp,Female,4.207.64.146
278,Gisela,Verma,gverma7p@trellian.com,Female,173.110.88.76
279,Rasla,Morewood,rmorewood7q@1und1.de,Female,242.175.11.235
280,Kimmi,Yerlett,kyerlett7r@ycombinator.com,Bigender,160.176.243.204
281,Euphemia,Caddock,ecaddock7s@admin.ch,Female,31.55.22.26
282,Adoree,Pero,apero7t@unicef.org,Genderfluid,216.114.207.235
283,Lianne,Sporrij,lsporrij7u@tamu.edu,Female,200.134.249.137
284,Kippie,Aers,kaers7v@paypal.com,Male,249.38.44.252
285,Oralla,Beasleigh,obeasleigh7w@slashdot.org,Female,40.101.33.0
286,Adella,Solan,asolan7x@soup.io,Female,243.65.140.151
287,Lorri,Shawl,lshawl7y@blogspot.com,Female,90.13.25.103
288,Meg,Bleaden,mbleaden7z@rediff.com,Female,209.116.39.0
289,Lissa,Jauncey,ljauncey80@chron.com,Female,234.2.220.60
290,Grier,Dunbabin,gdunbabin81@nsw.gov.au,Female,207.170.150.137
291,Farica,Crippen,fcrippen82@gnu.org,Female,11.91.71.231
292,Pieter,Stannis,pstannis83@goo.gl,Male,178.26.72.90
293,Belia,Paddefield,bpaddefield84@sciencedirect.com,Female,98.227.173.51
294,Pegeen,Steptowe,psteptowe85@last.fm,Female,131.200.177.171
295,Bunnie,Volks,bvolks86@clickbank.net,Female,90.68.119.237
296,Julissa,Yesichev,jyesichev87@qq.com,Female,164.93.53.93
297,Dael,Churchward,dchurchward88@blogs.com,Male,4.215.182.125
298,Gipsy,Duguid,gduguid89@ebay.com,Female,39.63.231.141
299,Daron,Gut,dgut8a@squarespace.com,Male,29.157.189.199
300,Jeannine,Shillan,jshillan8b@alibaba.com,Female,234.12.134.232
301,Maryann,Spragg,mspragg8c@bigcartel.com,Female,217.72.237.175
302,Nike,Winram,nwinram8d@techcrunch.com,Female,67.35.233.140
303,Darcey,Ritchley,dritchley8e@goo.ne.jp,Female,24.201.199.45
304,Bil,Carmo,bcarmo8f@1688.com,Male,128.68.202.38
305,Isaiah,Ierland,iierland8g@reuters.com,Male,254.144.103.6
306,Rudolph,Gilpillan,rgilpillan8h@freewebs.com,Male,91.34.146.201
307,Sal,Balassa,sbalassa8i@huffingtonpost.com,Female,35.44.117.64
308,Chrystal,Caslett,ccaslett8j@drupal.org,Female,188.33.232.116
309,Holmes,Brunt,hbrunt8k@themeforest.net,Male,222.82.158.63
310,Jermaine,Troubridge,jtroubridge8l@phpbb.com,Female,120.67.103.0
311,Bonnee,Gatherell,bgatherell8m@ucla.edu,Female,161.246.1.116
312,Katlin,Brundell,kbrundell8n@craigslist.org,Female,202.172.193.18
313,Jamesy,Parmeter,jparmeter8o@vimeo.com,Male,194.113.176.158
314,Timmie,Dowson,tdowson8p@rakuten.co.jp,Female,194.17.96.122
315,Elmore,Freeborne,efreeborne8q@cbsnews.com,Male,71.181.93.76
316,Alida,Stripling,astripling8r@unblog.fr,Female,255.198.23.153
317,Brooks,Jonke,bjonke8s@house.gov,Male,33.223.149.237
318,Shannen,Iannini,siannini8t@msn.com,Female,230.207.216.233
319,Devinne,Colson,dcolson8u@cargocollective.com,Female,93.187.81.108
320,Linda,Salandino,lsalandino8v@google.fr,Female,27.11.96.185
321,Boonie,Blinkhorn,bblinkhorn8w@blogger.com,Male,192.158.209.209
322,Clyde,Ripper,cripper8x@cyberchimps.com,Male,47.206.57.166
323,Susie,Liddle,sliddle8y@cargocollective.com,Female,107.27.3.26
324,Bud,Tarney,btarney8z@zimbio.com,Male,204.175.94.120
325,Harmonie,Boldt,hboldt90@ft.com,Female,210.77.97.193
326,Tudor,Wolvey,twolvey91@taobao.com,Male,183.249.13.10
327,Joelly,Sollitt,jsollitt92@hibu.com,Female,151.184.253.185
328,Auroora,Gunning,agunning93@vimeo.com,Female,169.99.111.96
329,Davidde,Parres,dparres94@nature.com,Male,108.86.184.33
330,Judith,Scruby,jscruby95@theguardian.com,Female,49.0.67.162
331,Valdemar,Deschelle,vdeschelle96@china.com.cn,Male,192.134.3.188
332,William,Boyfield,wboyfield97@photobucket.com,Male,242.120.109.154
333,Brew,Stanistreet,bstanistreet98@bravesites.com,Male,92.104.185.205
334,Vidovic,Light,vlight99@eventbrite.com,Male,186.164.155.12
335,Pincus,Dymott,pdymott9a@elpais.com,Bigender,146.20.4.27
336,Raffarty,Nyssen,rnyssen9b@netlog.com,Male,65.133.221.64
337,Camile,Gibbe,cgibbe9c@amazon.com,Female,199.52.227.57
338,Gertrudis,Lumbers,glumbers9d@shutterfly.com,Female,1.229.222.183
339,Harrison,Wren,hwren9e@goo.ne.jp,Male,139.125.143.59
340,Lorry,Friel,lfriel9f@wikia.com,Male,55.154.197.236
341,Agneta,Humm,ahumm9g@tamu.edu,Female,248.14.184.29
342,Pat,Gilfoy,pgilfoy9h@sciencedaily.com,Male,167.171.105.226
343,Adela,Consterdine,aconsterdine9i@dmoz.org,Polygender,115.69.172.208
344,Roland,Bolden,rbolden9j@weebly.com,Male,27.77.13.209
345,Garek,Pickervance,gpickervance9k@msn.com,Male,84.184.120.215
346,Storm,Franz,sfranz9l@moonfruit.com,Female,205.231.75.181
347,Maud,Renwick,mrenwick9m@jimdo.com,Female,97.214.44.28
348,Cassius,Scarlet,cscarlet9n@tamu.edu,Male,54.142.243.195
349,Netti,Odgers,nodgers9o@live.com,Female,245.60.49.11
350,Kristien,Branscomb,kbranscomb9p@ucoz.ru,Female,43.252.121.96
351,Genevieve,Muzzini,gmuzzini9q@netvibes.com,Female,150.240.180.63
352,Wyatan,Petken,wpetken9r@smh.com.au,Male,17.85.163.99
353,Andreas,Mullarkey,amullarkey9s@nhs.uk,Male,34.225.2.106
354,Weider,Edelheit,wedelheit9t@wikipedia.org,Male,13.149.210.133
355,Mommy,Crowe,mcrowe9u@studiopress.com,Female,186.151.127.109
356,Ari,Ainscow,aainscow9v@redcross.org,Male,123.112.217.63
357,Ezechiel,Grinstead,egrinstead9w@dmoz.org,Genderqueer,4.135.82.3
358,Sol,Scottrell,sscottrell9x@weather.com,Polygender,220.63.226.79
359,Maybelle,Piesing,mpiesing9y@toplist.cz,Female,61.235.49.108
360,Madella,Haughan,mhaughan9z@psu.edu,Female,64.85.230.216
361,Wait,Landsborough,wlandsborougha0@flickr.com,Male,8.219.11.169
362,Stearn,Demcak,sdemcaka1@loc.gov,Male,17.197.205.22
363,Venita,Spering,vsperinga2@google.com.br,Female,65.89.45.222
364,Renaldo,Craw,rcrawa3@ow.ly,Male,252.235.62.105
365,Louise,Nottram,lnottrama4@apache.org,Female,110.63.74.162
366,Nap,Gordon,ngordona5@newsvine.com,Male,255.65.135.225
367,Wyatan,Esson,wessona6@ycombinator.com,Male,96.129.120.240
368,Gar,Dairton,gdairtona7@facebook.com,Agender,135.66.155.55
369,Nanon,Lanchester,nlanchestera8@ox.ac.uk,Female,254.127.43.125
370,Freeland,Vanderplas,fvanderplasa9@forbes.com,Male,148.197.168.39
371,Pandora,Roubert,proubertaa@symantec.com,Female,22.153.28.205
372,Keith,Barendtsen,kbarendtsenab@rediff.com,Male,214.82.44.15
373,Raffaello,Eilhersen,reilhersenac@twitter.com,Male,45.248.144.3
374,Kate,Vaughton,kvaughtonad@wikia.com,Bigender,196.49.210.66
375,Jdavie,Bending,jbendingae@list-manage.com,Male,234.234.107.235
376,Caryn,Stocker,cstockeraf@friendfeed.com,Female,168.136.119.205
377,Harriet,Hanse,hhanseag@etsy.com,Bigender,158.120.117.76
378,Correy,Peverell,cpeverellah@abc.net.au,Female,156.217.22.86
379,Emmett,Viollet,eviolletai@geocities.com,Male,235.46.51.121
380,Orel,Morbey,omorbeyaj@slashdot.org,Female,244.130.163.165
381,Bibby,Revell,brevellak@dailymail.co.uk,Polygender,114.44.212.117
382,Genovera,McCudden,gmccuddenal@boston.com,Female,83.93.43.187
383,Celestia,Wiltshier,cwiltshieram@pagesperso-orange.fr,Non-binary,111.32.124.126
384,Con,Rickaby,crickabyan@salon.com,Male,126.101.255.45
385,Clarence,Izkovitch,cizkovitchao@yolasite.com,Male,31.32.245.224
386,Alford,Ramme,arammeap@tamu.edu,Male,86.145.64.41
387,Paige,Woodrow,pwoodrowaq@wordpress.com,Female,224.205.250.216
388,Farley,Mirfield,fmirfieldar@github.io,Male,183.76.165.51
389,Esteban,Kinsell,ekinsellas@va.gov,Male,44.86.81.117
390,Bradley,Sporgeon,bsporgeonat@apache.org,Male,120.199.237.131
391,Kristoffer,Evensden,kevensdenau@house.gov,Male,160.71.168.212
392,Alla,Tye,atyeav@gnu.org,Genderqueer,207.165.212.105
393,Laure,Callaway,lcallawayaw@craigslist.org,Female,87.239.52.222
394,Lorin,McArdle,lmcardleax@yellowpages.com,Genderqueer,137.227.180.124
395,Rabi,Millott,rmillottay@hexun.com,Genderqueer,63.227.156.224
396,Edwina,Pinnington,epinningtonaz@va.gov,Female,238.82.113.72
397,Ariel,Brasner,abrasnerb0@statcounter.com,Male,190.7.170.153
398,Jacquelin,Mowsdell,jmowsdellb1@yellowbook.com,Female,245.138.212.145
399,Mead,Garric,mgarricb2@pcworld.com,Male,48.128.242.250
400,Towney,Dunkerley,tdunkerleyb3@adobe.com,Male,161.54.240.189
401,Bethina,Cino,bcinob4@sogou.com,Female,123.199.138.238
402,Saxon,Philippeaux,sphilippeauxb5@soundcloud.com,Male,226.132.239.28
403,Lanny,Kondratowicz,lkondratowiczb6@hao123.com,Female,168.204.84.12
404,Celestia,Leggis,cleggisb7@answers.com,Female,136.254.251.18
405,Janene,Pickersgill,jpickersgillb8@illinois.edu,Female,42.152.119.157
406,Riki,Milesop,rmilesopb9@smugmug.com,Female,175.183.69.43
407,Rickard,Jarvie,rjarvieba@army.mil,Polygender,141.146.210.65
408,Holli,Gannicott,hgannicottbb@tiny.cc,Female,255.223.29.160
409,Berk,Waiting,bwaitingbc@wikimedia.org,Male,184.207.184.7
410,Maurie,Learmouth,mlearmouthbd@t.co,Non-binary,159.84.100.170
411,Jermaine,Normanville,jnormanvillebe@ox.ac.uk,Non-binary,190.157.120.101
412,Hadria,De La Coste,hdelacostebf@wiley.com,Female,117.154.136.3
413,Pancho,Ruprecht,pruprechtbg@ameblo.jp,Male,119.220.177.76
414,Raeann,Willoughby,rwilloughbybh@twitpic.com,Female,30.218.42.141
415,Byran,Aggus,baggusbi@umn.edu,Male,200.33.139.171
416,Eve,Soloway,esolowaybj@blogs.com,Female,31.42.105.97
417,Elnore,Hurling,ehurlingbk@nifty.com,Female,249.103.167.4
418,Henderson,Waterfield,hwaterfieldbl@thetimes.co.uk,Male,235.202.161.254
419,Maddy,Lerhinan,mlerhinanbm@umn.edu,Male,154.42.255.121
420,Tucky,Cossey,tcosseybn@addtoany.com,Male,241.56.81.115
421,Marys,Dawton,mdawtonbo@economist.com,Female,203.250.29.175
422,Janot,Phillipson,jphillipsonbp@businessinsider.com,Female,71.214.33.142
423,Dalis,Bullimore,dbullimorebq@buzzfeed.com,Male,33.166.3.240
424,Zeb,Vasovic,zvasovicbr@stumbleupon.com,Male,53.9.99.180
425,Guinevere,Pesik,gpesikbs@umich.edu,Female,60.225.216.171
426,Bernard,Iowarch,biowarchbt@51.la,Male,67.195.48.31
427,Correy,Saphin,csaphinbu@apache.org,Female,23.251.54.156
428,Barthel,Desantis,bdesantisbv@ifeng.com,Male,145.112.153.116
429,Bronny,Dockwray,bdockwraybw@cnet.com,Male,197.53.234.156
430,Emelia,Deakes,edeakesbx@sciencedirect.com,Non-binary,130.128.82.154
431,Curtice,Pinks,cpinksby@unblog.fr,Male,143.226.130.95
432,Hermine,Duferie,hduferiebz@vk.com,Female,71.241.36.215
433,Wilhelm,Geill,wgeillc0@forbes.com,Male,108.155.230.122
434,Joycelin,Grimes,jgrimesc1@prweb.com,Female,236.130.251.30
435,Evangelia,Baynton,ebayntonc2@ox.ac.uk,Female,88.155.50.211
436,Aland,Lornsen,alornsenc3@sphinn.com,Male,53.88.109.188
437,Wesley,Blythin,wblythinc4@woothemes.com,Male,121.97.29.69
438,Ethelred,Wynter,ewynterc5@washington.edu,Male,15.169.97.49
439,Kyle,Giacobini,kgiacobinic6@studiopress.com,Female,41.8.92.162
440,Gilligan,Canland,gcanlandc7@freewebs.com,Female,133.104.118.40
441,Karoly,Penniall,kpenniallc8@unesco.org,Male,4.15.157.171
442,Jae,Winch,jwinchc9@so-net.ne.jp,Male,160.124.213.68
443,Clair,Goulden,cgouldenca@wired.com,Female,250.189.26.68
444,Margit,McCathy,mmccathycb@vkontakte.ru,Female,139.174.15.241
445,Elianore,Baynard,ebaynardcc@furl.net,Female,28.85.73.75
446,Lolly,Elcome,lelcomecd@webeden.co.uk,Female,253.152.212.71
447,Vyky,Biesty,vbiestyce@senate.gov,Female,222.123.252.100
448,Gillie,Baake,gbaakecf@sfgate.com,Female,66.159.185.244
449,Gaspar,Gartery,ggarterycg@earthlink.net,Male,122.18.133.211
450,Kass,Yarrington,kyarringtonch@reference.com,Female,150.224.29.160
451,Felicio,Itzkovitch,fitzkovitchci@lycos.com,Male,198.245.157.219
452,Benedicta,Hlavecek,bhlavecekcj@printfriendly.com,Female,226.210.143.197
453,Paloma,Saph,psaphck@godaddy.com,Female,111.185.175.182
454,Davidson,Smeeton,dsmeetoncl@cnbc.com,Male,57.170.52.33
455,Roderic,Feltham,rfelthamcm@google.com,Male,204.218.226.241
456,Jeth,Hulkes,jhulkescn@sitemeter.com,Male,76.158.149.76
457,Curr,McCambrois,cmccambroisco@dailymail.co.uk,Male,149.151.221.224
458,Finlay,Hapgood,fhapgoodcp@php.net,Male,153.50.246.160
459,Adah,Chisolm,achisolmcq@wix.com,Female,164.48.191.24
460,Thatch,Petit,tpetitcr@macromedia.com,Male,132.176.228.191
461,Milton,Brew,mbrewcs@wikispaces.com,Male,189.65.43.81
462,Maris,Bamsey,mbamseyct@ucla.edu,Female,242.39.10.29
463,Julianna,Wye,jwyecu@cnbc.com,Female,173.155.113.142
464,Mel,Minney,mminneycv@europa.eu,Female,85.161.51.173
465,Datha,Suter,dsutercw@google.ru,Female,50.44.60.129
466,Inger,Stringman,istringmancx@oakley.com,Male,39.64.150.138
467,Mirabel,Gurner,mgurnercy@nydailynews.com,Female,148.67.13.239
468,Lexis,Molineaux,lmolineauxcz@hugedomains.com,Female,54.156.27.254
469,Onfroi,Fripps,ofrippsd0@vistaprint.com,Male,247.218.166.84
470,Melisande,Wolpert,mwolpertd1@scientificamerican.com,Female,217.9.37.141
471,Nikolai,Josey,njoseyd2@google.com,Male,41.54.156.123
472,Christoffer,O'Carran,cocarrand3@bigcartel.com,Male,38.120.159.155
473,Verne,Haselup,vhaselupd4@bloglovin.com,Male,110.175.27.232
474,Bondon,Pratchett,bpratchettd5@xing.com,Male,93.140.8.88
475,Cointon,Candlin,ccandlind6@51.la,Male,220.49.213.48
476,Broddie,Sambells,bsambellsd7@newsvine.com,Male,254.117.46.224
477,Connie,Busse,cbussed8@yahoo.co.jp,Male,232.14.55.176
478,Katrina,Jozefowicz,kjozefowiczd9@myspace.com,Female,202.108.168.160
479,Myrtle,Workman,mworkmanda@arstechnica.com,Female,88.81.20.195
480,Tucker,Ladbrooke,tladbrookedb@de.vu,Male,106.76.158.177
481,Wilburt,Baybutt,wbaybuttdc@usgs.gov,Male,51.208.39.46
482,Ewell,Mathwin,emathwindd@adobe.com,Male,184.19.251.129
483,Benjy,Probart,bprobartde@bizjournals.com,Male,110.149.67.20
484,Rhodie,Yorston,ryorstondf@imdb.com,Female,188.170.217.74
485,Caron,Kingsbury,ckingsburydg@diigo.com,Female,251.215.200.113
486,Cobb,Ivett,civettdh@businessweek.com,Male,70.142.109.229
487,Gwenny,Attaway,gattawaydi@harvard.edu,Genderfluid,134.165.190.91
488,Chucho,Petrushkevich,cpetrushkevichdj@meetup.com,Male,129.245.14.31
489,Sterling,Janisson,sjanissondk@mit.edu,Male,160.25.6.153
490,Hurley,Starbeck,hstarbeckdl@bandcamp.com,Male,200.173.144.44
491,Rodolph,Neeve,rneevedm@tripadvisor.com,Male,166.175.110.218
492,Tulley,Ballance,tballancedn@techcrunch.com,Male,101.62.152.246
493,Gwynne,Colbron,gcolbrondo@omniture.com,Female,131.212.71.149
494,Annora,Tillerton,atillertondp@blogger.com,Female,208.181.204.226
495,Jamie,Castillo,jcastillodq@statcounter.com,Female,161.67.111.127
496,Wandie,Eaddy,weaddydr@webs.com,Genderfluid,54.203.63.253
497,Alasteir,Absalom,aabsalomds@scientificamerican.com,Male,216.56.249.144
498,Sarita,Bolstridge,sbolstridgedt@java.com,Female,244.28.42.114
499,Abbott,Galbreth,agalbrethdu@shareasale.com,Male,180.86.223.187
500,Xena,Shearsby,xshearsbydv@who.int,Female,214.53.81.165
