id,first_name,last_name,email,gender,ip_address
1,Kristos,Maccrea,kmaccrea0@123-reg.co.uk,Male,129.105.209.199
2,Piggy,Crecy,pcrecy1@goo.ne.jp,Male,128.128.225.89
3,Rod,Ronchetti,rronchetti2@istockphoto.com,Male,43.234.206.182
4,Demetre,McDuall,dmcduall3@cmu.edu,Male,92.169.168.220
5,Noami,Muffen,nmuffen4@time.com,Female,58.128.109.63
6,Marian,Veale,mveale5@samsung.com,Female,7.16.140.47
7,Maddalena,Souten,msouten6@dion.ne.jp,Polygender,202.225.49.77
8,Candi,O'Mannion,comannion7@newsvine.com,Female,41.26.230.245
9,Claudina,Osband,cosband8@nps.gov,Genderfluid,29.86.57.197
10,Emmett,Minillo,eminillo9@miitbeian.gov.cn,Male,46.46.230.39
11,Julietta,Reicherz,jreicherza@youtu.be,Female,233.1.43.78
12,Bidget,Dack,bdackb@comcast.net,Female,224.105.162.190
13,Ashlee,Gippes,agippesc@comcast.net,Female,250.133.162.137
14,Fiann,Fesby,ffesbyd@wufoo.com,Female,211.55.199.45
15,Dorena,Rohlfing,drohlfinge@blinklist.com,Female,248.139.129.12
16,Norina,Labrenz,nlabrenzf@washington.edu,Female,143.147.118.40
17,Dar,Roux,drouxg@google.cn,Male,7.4.249.242
18,Vivi,Kilmister,vkilmisterh@narod.ru,Female,227.89.75.33
19,Brena,Oldershaw,boldershawi@mit.edu,Female,103.13.175.202
20,Celene,Brinkman,cbrinkmanj@t.co,Female,62.143.142.243
21,Tabby,Matzke,tmatzkek@symantec.com,Female,2.145.139.143
22,Mickie,Fould,mfouldl@shinystat.com,Female,29.76.21.117
23,Lilyan,Godby,lgodbym@wisc.edu,Female,21.227.201.186
24,Whittaker,Gecke,wgecken@smugmug.com,Male,36.228.188.57
25,Teodorico,Bexon,tbexono@slideshare.net,Male,195.7.169.26
26,Diahann,Moreno,dmorenop@youtu.be,Female,71.61.244.217
27,Sheffy,Symonds,ssymondsq@dropbox.com,Male,61.7.76.125
28,Godfry,Vasilic,gvasilicr@issuu.com,Male,32.183.246.147
29,Stephanus,Vaen,svaens@netlog.com,Male,93.250.128.213
30,Clint,Davidovits,cdavidovitst@biglobe.ne.jp,Male,222.51.128.172
31,Yale,Godart,ygodartu@xrea.com,Male,139.64.50.102
32,Valina,Shiliton,vshilitonv@google.nl,Female,141.34.159.161
33,Shurwood,Huson,shusonw@intel.com,Male,235.127.51.204
34,Patton,Crallan,pcrallanx@tiny.cc,Male,220.201.71.175
35,Olenka,Burberye,oburberyey@digg.com,Female,94.156.113.118
36,Norby,Blown,nblownz@wunderground.com,Male,153.162.138.79
37,Lorrie,Corness,lcorness10@ft.com,Male,254.229.76.236
38,Alysa,Brewitt,abrewitt11@imdb.com,Female,93.203.228.29
39,Collette,Whitefoot,cwhitefoot12@free.fr,Female,40.172.108.201
40,Gracia,Emanuel,gemanuel13@cisco.com,Female,202.77.112.216
41,Dannie,McGucken,dmcgucken14@ox.ac.uk,Agender,10.157.115.165
42,Trstram,Crutchley,tcrutchley15@wunderground.com,Male,206.58.176.84
43,Jobie,Doodson,jdoodson16@tmall.com,Female,151.106.222.2
44,Angele,Farrens,afarrens17@hhs.gov,Female,186.60.34.39
45,Venita,Thunnercliffe,vthunnercliffe18@wufoo.com,Female,81.227.38.8
46,Nichols,Rendall,nrendall19@nba.com,Genderfluid,42.140.19.148
47,Celestyna,Heffer,cheffer1a@tmall.com,Female,5.192.15.242
48,Obed,Dearden,odearden1b@psu.edu,Male,79.207.238.118
49,Lowe,Alcock,lalcock1c@topsy.com,Male,152.223.33.166
50,Channa,Mallock,cmallock1d@jugem.jp,Female,231.220.95.44
51,Falito,Klausewitz,fklausewitz1e@google.cn,Male,116.31.125.185
52,Grazia,Skydall,gskydall1f@prlog.org,Agender,108.37.171.63
53,Dillie,Rewan,drewan1g@oakley.com,Male,96.71.192.234
54,Meryl,Walas,mwalas1h@prnewswire.com,Male,95.97.45.185
55,Gabie,Derges,gderges1i@google.ru,Female,83.58.186.42
56,Denys,O' Neligan,doneligan1j@mayoclinic.com,Male,183.185.164.40
57,Winonah,Butrimovich,wbutrimovich1k@senate.gov,Female,128.141.173.233
58,Barrie,Plascott,bplascott1l@google.fr,Male,238.120.11.121
59,Ned,Leyfield,nleyfield1m@soup.io,Male,185.163.55.39
60,Swen,Caldayrou,scaldayrou1n@360.cn,Male,112.201.3.7
61,Ewen,Frankum,efrankum1o@furl.net,Male,39.150.203.234
62,Milo,Grigoryov,mgrigoryov1p@xrea.com,Male,6.250.32.126
63,Patrica,Mayes,pmayes1q@scientificamerican.com,Female,229.220.142.6
64,Skell,Hubberstey,shubberstey1r@paginegialle.it,Male,196.36.170.91
65,Rolph,Blaw,rblaw1s@blinklist.com,Male,184.181.112.178
66,Fanchon,Spaldin,fspaldin1t@umn.edu,Female,45.135.130.239
67,Lanae,Moan,lmoan1u@unesco.org,Female,31.148.240.118
68,Elias,Goodfellowe,egoodfellowe1v@liveinternet.ru,Male,127.27.160.5
69,Rabbi,D'Angeli,rdangeli1w@prnewswire.com,Male,74.126.207.129
70,Ursula,Skoggings,uskoggings1x@nbcnews.com,Female,97.119.167.1
71,Osborn,Lawes,olawes1y@a8.net,Male,212.111.215.15
72,Casi,Rohmer,crohmer1z@nifty.com,Genderfluid,153.103.17.172
73,Xerxes,Fairy,xfairy20@nhs.uk,Male,224.105.112.105
74,Sansone,Flemming,sflemming21@github.com,Male,164.154.218.241
75,Terrel,Wingar,twingar22@netscape.com,Genderqueer,170.80.212.69
76,Carlotta,Meighan,cmeighan23@reverbnation.com,Female,104.75.128.5
77,Joshuah,Kuhle,jkuhle24@simplemachines.org,Male,8.1.89.83
78,Chrissie,O'Bruen,cobruen25@devhub.com,Female,30.243.164.241
79,Darryl,MacAulay,dmacaulay26@skype.com,Male,161.212.42.137
80,Gilbert,Nalder,gnalder27@icio.us,Male,228.2.149.62
81,Erminia,Symson,esymson28@hp.com,Female,223.146.123.231
82,Doloritas,Yeowell,dyeowell29@sfgate.com,Female,183.2.12.57
83,Ives,Paoletto,ipaoletto2a@latimes.com,Male,45.208.234.123
84,Ethelin,Jinkin,ejinkin2b@goo.gl,Female,13.238.190.80
85,Francene,Pirrone,fpirrone2c@ycombinator.com,Female,172.101.147.81
86,Hedwig,Freegard,hfreegard2d@wix.com,Female,125.57.219.209
87,Jard,Reihm,jreihm2e@joomla.org,Male,135.204.3.161
88,Waite,Prahl,wprahl2f@vk.com,Male,131.92.225.128
89,Em,Martinec,emartinec2g@nih.gov,Female,126.216.214.171
90,Ellwood,Godspeede,egodspeede2h@opera.com,Male,98.242.55.100
91,Roshelle,Dureden,rdureden2i@independent.co.uk,Female,25.226.253.210
92,Noland,Athowe,nathowe2j@accuweather.com,Male,225.46.110.172
93,Martainn,Eccleston,meccleston2k@narod.ru,Male,157.92.208.157
94,Ximenes,Cheney,xcheney2l@pinterest.com,Male,25.119.125.238
95,Anthia,Dudin,adudin2m@tuttocitta.it,Female,125.48.23.187
96,Elvin,Hannan,ehannan2n@umn.edu,Male,147.150.67.74
97,Gigi,Pauncefoot,gpauncefoot2o@xinhuanet.com,Female,90.181.184.221
98,Cami,Shuttlewood,cshuttlewood2p@privacy.gov.au,Female,51.230.72.76
99,Peggy,Dureden,pdureden2q@macromedia.com,Female,44.6.66.170
100,Jamie,Price,jprice2r@china.com.cn,Male,17.231.217.97
101,Clem,Simkin,csimkin2s@etsy.com,Male,46.219.238.39
102,Yul,Cheshire,ycheshire2t@fastcompany.com,Male,8.186.62.118
103,Rikki,McCloughlin,rmccloughlin2u@delicious.com,Male,38.16.12.118
104,Ford,Kirsopp,fkirsopp2v@prnewswire.com,Male,57.100.56.181
105,Brooke,Petrussi,bpetrussi2w@hao123.com,Polygender,243.28.216.241
106,Drucie,Wigglesworth,dwigglesworth2x@cnet.com,Female,27.255.251.43
107,Amelie,Guesford,aguesford2y@posterous.com,Female,150.68.50.230
108,Hamnet,Linscott,hlinscott2z@amazon.co.uk,Male,250.219.35.126
109,Marley,Yuryshev,myuryshev30@360.cn,Female,71.143.110.174
110,Mollee,Slad,mslad31@thetimes.co.uk,Female,174.78.137.141
111,Huntington,Pearne,hpearne32@youku.com,Male,51.165.138.9
112,Spence,Hanrott,shanrott33@si.edu,Male,253.99.242.98
113,Dasi,Rodrigo,drodrigo34@soundcloud.com,Female,93.75.81.107
114,Fawne,Wellington,fwellington35@typepad.com,Female,15.153.58.67
115,Husein,Sheron,hsheron36@a8.net,Male,155.214.84.96
116,Kahaleel,Clues,kclues37@nationalgeographic.com,Male,66.92.211.222
117,Ichabod,Tilney,itilney38@dailymail.co.uk,Male,49.103.11.37
118,Rosalind,Topham,rtopham39@eventbrite.com,Female,221.101.238.9
119,Jamima,McVanamy,jmcvanamy3a@businesswire.com,Female,220.230.146.202
120,Sibella,Endicott,sendicott3b@army.mil,Female,204.220.151.144
121,Dylan,Ambroziak,dambroziak3c@parallels.com,Male,219.166.181.10
122,Eveline,Lintot,elintot3d@cafepress.com,Female,150.175.219.123
123,Bondy,Graham,bgraham3e@amazonaws.com,Male,189.207.55.179
124,Rori,Hallibone,rhallibone3f@list-manage.com,Female,31.97.59.108
125,Gustaf,Osban,gosban3g@bluehost.com,Male,204.17.28.65
126,Ibrahim,Tuft,ituft3h@ycombinator.com,Male,4.224.48.70
127,Lucretia,Perico,lperico3i@studiopress.com,Female,6.161.161.80
128,Morey,Fidilis,mfidilis3j@flavors.me,Male,33.81.25.95
129,Wileen,Bernardot,wbernardot3k@nationalgeographic.com,Female,73.228.131.129
130,Oliver,Cyphus,ocyphus3l@phpbb.com,Male,66.151.121.25
131,Fonzie,Welfare,fwelfare3m@nps.gov,Male,86.145.142.135
132,Hasty,Witt,hwitt3n@vistaprint.com,Male,43.35.150.11
133,Teddie,Rintoul,trintoul3o@imgur.com,Male,24.246.95.239
134,Bogey,Beavan,bbeavan3p@1und1.de,Male,204.207.23.78
135,Thoma,Georgiev,tgeorgiev3q@dot.gov,Male,186.202.249.69
136,Willa,Mara,wmara3r@theglobeandmail.com,Female,51.224.162.53
137,Dominik,Elgy,delgy3s@jiathis.com,Male,54.2.190.84
138,Royal,Huddleston,rhuddleston3t@oaic.gov.au,Male,108.189.111.248
139,Hermann,Wyllt,hwyllt3u@bbc.co.uk,Male,84.122.128.49
140,Kasey,Hanshaw,khanshaw3v@timesonline.co.uk,Female,117.45.251.25
141,Magdalene,Cartmer,mcartmer3w@artisteer.com,Female,17.171.75.126
142,Thorin,Doumerque,tdoumerque3x@omniture.com,Genderqueer,76.188.119.245
143,Ida,Spaldin,ispaldin3y@com.com,Female,97.42.188.230
144,Sacha,Imason,simason3z@dot.gov,Female,74.57.171.79
145,Gav,Winwood,gwinwood40@virginia.edu,Genderfluid,58.123.34.206
146,Fay,Marrows,fmarrows41@multiply.com,Bigender,212.70.108.6
147,Kinna,Bladesmith,kbladesmith42@opensource.org,Female,142.216.197.143
148,Goldia,Wheelwright,gwheelwright43@unblog.fr,Female,44.58.50.104
149,Caryl,Gowler,cgowler44@live.com,Bigender,151.126.92.120
150,Jeffy,Kain,jkain45@constantcontact.com,Male,21.247.253.226
151,Loren,Margarson,lmargarson46@google.nl,Female,56.0.111.228
152,Olivier,Rudgard,orudgard47@loc.gov,Male,211.121.106.97
153,Daryl,Falkinder,dfalkinder48@geocities.com,Female,224.99.133.177
154,Thorndike,Bodiam,tbodiam49@w3.org,Male,244.49.252.213
155,Katie,Berkely,kberkely4a@printfriendly.com,Female,61.184.100.91
156,Sigfried,Carlino,scarlino4b@home.pl,Male,166.238.47.164
157,Wallace,Ingray,wingray4c@state.gov,Male,93.20.219.120
158,Palmer,Camili,pcamili4d@blogtalkradio.com,Male,161.41.189.144
159,Nannette,Albisser,nalbisser4e@discovery.com,Female,218.67.241.98
160,Elisabetta,Blight,eblight4f@nih.gov,Female,30.26.22.137
161,Sansone,Blemen,sblemen4g@reverbnation.com,Male,178.228.35.103
162,Damiano,Gudgen,dgudgen4h@technorati.com,Male,147.39.199.237
163,Mill,Caunce,mcaunce4i@scientificamerican.com,Male,74.209.164.13
164,Carlynne,Grichukhin,cgrichukhin4j@moonfruit.com,Female,27.233.34.191
165,Husein,Binnie,hbinnie4k@soup.io,Male,62.145.96.165
166,Yolane,Reolfi,yreolfi4l@narod.ru,Female,203.188.232.243
167,Kaja,Fluin,kfluin4m@odnoklassniki.ru,Female,185.86.225.89
168,Rochella,Pole,rpole4n@cdbaby.com,Female,65.215.60.43
169,Ephrayim,Silvers,esilvers4o@loc.gov,Male,96.172.203.110
170,Emanuel,Fossitt,efossitt4p@mysql.com,Male,18.55.215.57
171,Ulrick,Garshore,ugarshore4q@phpbb.com,Male,93.147.70.163
172,Aubrey,Resdale,aresdale4r@economist.com,Male,22.97.64.32
173,Dillon,Olesen,dolesen4s@cam.ac.uk,Male,67.126.34.238
174,Jamesy,Toogood,jtoogood4t@flavors.me,Genderfluid,33.153.52.226
175,Roland,Gritton,rgritton4u@businesswire.com,Male,148.223.70.76
176,Kristofer,Bessett,kbessett4v@xinhuanet.com,Genderqueer,217.190.111.65
177,Herminia,Tonnesen,htonnesen4w@bandcamp.com,Female,142.104.26.80
178,Dannel,Bernath,dbernath4x@usatoday.com,Male,81.17.9.56
179,Tine,Hadwin,thadwin4y@google.com.hk,Female,176.239.51.51
180,Ambrosio,Mabbot,amabbot4z@yolasite.com,Male,215.84.97.216
181,Clemmie,Airs,cairs50@slate.com,Male,13.232.153.86
182,Carla,Eckford,ceckford51@theguardian.com,Female,17.170.103.213
183,Pauly,Bartol,pbartol52@instagram.com,Female,246.56.43.210
184,Hermon,Quadling,hquadling53@wikispaces.com,Male,61.176.138.42
185,Mayne,Been,mbeen54@clickbank.net,Male,180.183.74.102
186,Osbourne,Ravilious,oravilious55@umn.edu,Male,189.48.205.246
187,Barron,Shilvock,bshilvock56@intel.com,Male,110.194.105.129
188,Lorena,Keenor,lkeenor57@usnews.com,Female,107.41.92.12
189,Kiah,Cornes,kcornes58@china.com.cn,Female,32.212.181.16
190,Mela,Oels,moels59@about.com,Female,52.222.40.217
191,Esdras,Scholler,escholler5a@adobe.com,Male,246.185.169.115
192,Hobart,Grund,hgrund5b@ibm.com,Male,247.145.16.129
193,Chancey,Tuhy,ctuhy5c@reuters.com,Male,155.209.189.205
194,Dulsea,Matteotti,dmatteotti5d@bigcartel.com,Female,189.159.147.157
195,Orelie,Corbie,ocorbie5e@free.fr,Female,152.155.113.207
196,Stefano,Fassbindler,sfassbindler5f@msu.edu,Male,116.126.21.252
197,Zia,Cicullo,zcicullo5g@merriam-webster.com,Female,79.153.67.62
198,Tatiania,Janicki,tjanicki5h@noaa.gov,Female,51.103.65.199
199,Rachelle,Chrisp,rchrisp5i@about.com,Female,245.218.252.50
200,Alix,Brumble,abrumble5j@mapquest.com,Male,191.89.101.207
201,Shirline,Sollime,ssollime5k@wunderground.com,Female,153.90.102.42
202,Isahella,Glenn,iglenn5l@edublogs.org,Female,109.191.143.57
203,Hebert,Costley,hcostley5m@berkeley.edu,Male,13.12.70.231
204,Casper,Barnewall,cbarnewall5n@symantec.com,Male,21.6.204.38
205,Monroe,Candlish,mcandlish5o@usatoday.com,Male,33.143.77.199
206,Shaylynn,Van der Kruijs,svanderkruijs5p@arstechnica.com,Female,177.220.37.167
207,Marisa,Oldland,moldland5q@nyu.edu,Female,202.8.239.136
208,Harp,Flatt,hflatt5r@jugem.jp,Genderqueer,32.184.182.140
209,Jeanelle,Earland,jearland5s@ustream.tv,Female,124.0.179.38
210,Quintina,Jeger,qjeger5t@europa.eu,Female,102.230.177.32
211,Madelene,Hatherleigh,mhatherleigh5u@flavors.me,Female,156.73.151.84
212,Drucy,Brigg,dbrigg5v@answers.com,Female,7.61.165.212
213,Sidoney,Skirlin,sskirlin5w@moonfruit.com,Female,223.133.140.162
214,Emmi,Wemes,ewemes5x@livejournal.com,Female,145.118.188.46
215,Beckie,Tapin,btapin5y@geocities.com,Female,7.139.58.128
216,Demetria,Guenther,dguenther5z@nytimes.com,Female,249.159.189.20
217,Gerianna,Bottomley,gbottomley60@creativecommons.org,Female,160.142.112.60
218,Rudolf,Vanes,rvanes61@time.com,Male,122.91.215.219
219,Rodie,Indge,rindge62@cmu.edu,Female,11.50.133.152
220,Justino,Simonassi,jsimonassi63@oaic.gov.au,Male,174.119.125.202
221,Stanfield,Ridgway,sridgway64@sciencedaily.com,Male,181.17.116.66
222,Marcile,Taplin,mtaplin65@twitpic.com,Genderqueer,97.77.186.237
223,Damita,Preene,dpreene66@craigslist.org,Female,1.232.49.86
224,Lina,Reek,lreek67@arstechnica.com,Female,160.236.252.132
225,Arron,Lewknor,alewknor68@shareasale.com,Male,15.61.147.147
226,Ivett,Drayton,idrayton69@discovery.com,Female,164.65.241.245
227,Auberta,Wisedale,awisedale6a@comcast.net,Female,200.182.33.111
228,Darbee,Helsdon,dhelsdon6b@sina.com.cn,Male,34.66.228.214
229,Hanson,Matthieson,hmatthieson6c@ifeng.com,Male,110.65.27.50
230,Albertine,Bools,abools6d@51.la,Female,1.42.169.218
231,Haven,Managh,hmanagh6e@i2i.jp,Male,62.213.151.253
232,Libbi,Ugolini,lugolini6f@nationalgeographic.com,Female,96.121.215.179
233,Vernon,Skellern,vskellern6g@cbsnews.com,Bigender,181.77.232.144
234,Filippo,Ribbens,fribbens6h@un.org,Male,246.187.72.190
235,Malinde,Jehan,mjehan6i@de.vu,Female,125.124.15.182
236,Sile,Lochrie,slochrie6j@t.co,Female,225.195.208.140
237,Celinka,Reina,creina6k@unicef.org,Female,64.0.210.23
238,Bevvy,Zuppa,bzuppa6l@bloomberg.com,Female,243.120.119.121
239,Howie,Blythe,hblythe6m@bing.com,Male,139.174.22.82
240,Tony,Falco,tfalco6n@google.cn,Polygender,70.68.121.146
241,Eleonore,Pyett,epyett6o@psu.edu,Agender,210.85.0.186
242,Caesar,Cantera,ccantera6p@abc.net.au,Male,28.160.108.114
243,Gardie,Dubbin,gdubbin6q@epa.gov,Male,64.153.161.122
244,Sandye,Ebunoluwa,sebunoluwa6r@wordpress.com,Female,47.115.238.37
245,Cazzie,Wrennall,cwrennall6s@economist.com,Male,53.6.148.62
246,Alikee,Stoyles,astoyles6t@washingtonpost.com,Female,174.121.231.174
247,Engracia,Sandall,esandall6u@pinterest.com,Female,206.168.81.203
248,Cara,Streatfield,cstreatfield6v@github.io,Female,143.43.154.67
249,Glynnis,Garrett,ggarrett6w@ifeng.com,Genderqueer,85.111.12.213
250,Tabbatha,Tagg,ttagg6x@ocn.ne.jp,Female,207.124.10.184
251,Florance,Culp,fculp6y@kickstarter.com,Female,101.44.66.129
252,Jimmie,Ambrogioli,jambrogioli6z@flavors.me,Male,241.61.187.151
253,Fransisco,Cleife,fcleife70@yellowpages.com,Male,188.163.218.129
254,Sigismund,Heather,sheather71@paypal.com,Male,70.203.129.140
255,Jessalin,Yalden,jyalden72@tinyurl.com,Female,157.255.65.168
256,Annadiana,Goby,agoby73@instagram.com,Female,227.163.177.160
257,Dennie,Dumingos,ddumingos74@japanpost.jp,Female,238.123.10.185
258,Pat,Broinlich,pbroinlich75@prnewswire.com,Male,60.218.176.93
259,Beniamino,O'Duane,boduane76@multiply.com,Male,227.78.41.187
260,Ronnie,Emanson,remanson77@cbc.ca,Female,168.23.218.31
261,Onfroi,Casetta,ocasetta78@dyndns.org,Male,77.0.73.152
262,Luciana,Gernier,lgernier79@pbs.org,Female,87.237.74.91
263,Lewes,Shadfourth,lshadfourth7a@ft.com,Male,95.125.119.95
264,Viviana,Shine,vshine7b@tamu.edu,Female,194.248.165.199
265,Rora,Stiven,rstiven7c@acquirethisname.com,Female,241.148.250.1
266,Leontyne,Gorger,lgorger7d@tiny.cc,Female,23.33.27.216
267,Benedetto,Andriss,bandriss7e@vistaprint.com,Male,42.33.208.20
268,Bev,Minchell,bminchell7f@baidu.com,Male,223.136.85.95
269,Paige,Wetheril,pwetheril7g@geocities.jp,Male,197.6.99.39
270,Erinn,Churchyard,echurchyard7h@arstechnica.com,Female,41.193.153.73
271,Kristofer,Keys,kkeys7i@cargocollective.com,Male,143.234.76.72
272,Ken,Blankett,kblankett7j@myspace.com,Male,153.62.249.182
273,Sabine,Darbishire,sdarbishire7k@pcworld.com,Female,194.59.184.130
274,Kasey,Kuzemka,kkuzemka7l@clickbank.net,Female,109.115.95.85
275,Rachael,Gourdon,rgourdon7m@quantcast.com,Female,112.179.4.18
276,Nigel,Thamelt,nthamelt7n@senate.gov,Male,63.170.225.89
277,Pansie,Barten,pbarten7o@aol.com,Female,110.138.81.63
278,Pearce,Scougall,pscougall7p@unicef.org,Male,243.35.21.136
279,Penny,Toye,ptoye7q@unicef.org,Male,227.94.151.210
280,Elyssa,Joicey,ejoicey7r@163.com,Female,211.234.36.222
281,Tomkin,Shine,tshine7s@techcrunch.com,Male,47.175.120.20
282,Wyn,Duell,wduell7t@nyu.edu,Male,2.65.172.92
283,Kirbie,Caslett,kcaslett7u@geocities.jp,Female,204.65.99.192
284,Alon,Rishworth,arishworth7v@multiply.com,Agender,238.145.34.123
285,Torrey,Lisciardelli,tlisciardelli7w@google.es,Male,148.55.181.102
286,Bengt,Filipovic,bfilipovic7x@latimes.com,Male,218.123.125.158
287,Cointon,Gronous,cgronous7y@etsy.com,Male,45.159.187.231
288,Gabriell,Gascar,ggascar7z@huffingtonpost.com,Female,10.173.210.210
289,Nikolaus,Rean,nrean80@wikia.com,Male,173.116.43.227
290,Leif,Vernham,lvernham81@macromedia.com,Male,98.40.165.119
291,Dorolisa,Ibbison,dibbison82@blogs.com,Female,83.154.77.84
292,Berky,Toma,btoma83@goo.gl,Polygender,72.201.248.79
293,Melicent,Wince,mwince84@stumbleupon.com,Female,87.239.11.40
294,Reed,Dimmne,rdimmne85@time.com,Male,116.178.221.20
295,Beret,Buckberry,bbuckberry86@theglobeandmail.com,Female,225.223.250.217
296,Bernetta,Perico,bperico87@gizmodo.com,Female,10.212.145.96
297,Teodor,Fayre,tfayre88@pagesperso-orange.fr,Male,151.184.58.237
298,Anallese,Musselwhite,amusselwhite89@answers.com,Non-binary,59.108.198.253
299,Alyosha,Cammack,acammack8a@wikia.com,Polygender,95.163.155.75
300,Fulton,Stapele,fstapele8b@youtube.com,Male,129.195.117.96
301,Thorvald,Gaitone,tgaitone8c@tuttocitta.it,Male,219.185.30.27
302,Wallis,Betancourt,wbetancourt8d@sciencedirect.com,Male,212.20.167.28
303,Filip,Fabb,ffabb8e@hugedomains.com,Male,146.200.200.252
304,Chickie,Cordeau],ccordeau8f@weather.com,Male,141.106.172.22
305,Sibeal,Pesik,spesik8g@yale.edu,Female,97.165.153.146
306,Lexi,Mullins,lmullins8h@bloomberg.com,Female,192.129.132.30
307,Valdemar,Chater,vchater8i@samsung.com,Male,48.98.6.248
308,Drusilla,Pohls,dpohls8j@unc.edu,Bigender,107.178.232.144
309,Kare,Blabie,kblabie8k@hatena.ne.jp,Female,42.9.141.16
310,Vivyanne,Font,vfont8l@ed.gov,Female,185.85.239.30
311,Allie,Pottage,apottage8m@scientificamerican.com,Male,24.152.224.62
312,Rupert,Ellerby,rellerby8n@tiny.cc,Male,85.169.139.50
313,Natty,Pavlasek,npavlasek8o@msn.com,Male,141.233.11.77
314,Merrick,Klesse,mklesse8p@engadget.com,Male,8.223.162.88
315,Angel,Grewes,agrewes8q@disqus.com,Male,164.243.202.157
316,Dominica,Garfirth,dgarfirth8r@g.co,Female,172.107.18.227
317,Jodi,Beresford,jberesford8s@prweb.com,Female,81.75.71.8
318,Joshuah,Rassmann,jrassmann8t@miibeian.gov.cn,Male,221.157.230.243
319,Marve,Tortoise,mtortoise8u@intel.com,Male,184.171.45.216
320,Celka,Kynder,ckynder8v@linkedin.com,Female,192.53.134.84
321,Rakel,Woodburne,rwoodburne8w@google.de,Non-binary,246.245.84.135
322,Sibbie,Musicka,smusicka8x@gov.uk,Female,203.180.109.57
323,Sybyl,Karp,skarp8y@nsw.gov.au,Female,66.14.250.213
324,Baryram,Cornuau,bcornuau8z@census.gov,Male,28.244.247.113
325,Suzette,Gohn,sgohn90@prlog.org,Female,150.236.192.165
326,Claudia,Bullon,cbullon91@surveymonkey.com,Female,200.230.45.154
327,Eachelle,Langstone,elangstone92@cbslocal.com,Female,154.32.202.89
328,Toby,Gummer,tgummer93@nytimes.com,Female,89.13.144.6
329,Rey,Humpage,rhumpage94@dailymail.co.uk,Female,7.193.152.117
330,Zorina,O'Corr,zocorr95@smugmug.com,Female,254.64.96.2
331,Yancey,Ismail,yismail96@hhs.gov,Male,46.237.140.143
332,Anthony,Goolden,agoolden97@blogger.com,Male,168.163.133.196
333,Maddy,Sibyllina,msibyllina98@cnbc.com,Polygender,146.173.118.52
334,Theo,Haddon,thaddon99@chron.com,Female,124.3.118.78
335,Gradey,Sigmund,gsigmund9a@fc2.com,Male,106.139.35.43
336,Erasmus,Duligal,eduligal9b@examiner.com,Male,72.101.37.6
337,Enrika,Campione,ecampione9c@reuters.com,Female,237.192.171.184
338,Patten,Knoble,pknoble9d@google.nl,Male,165.28.176.115
339,Candra,Buxsy,cbuxsy9e@cam.ac.uk,Female,191.211.89.24
340,Lanna,Scripture,lscripture9f@cbc.ca,Female,227.62.198.250
341,Ash,Antrack,aantrack9g@amazon.co.uk,Male,254.188.74.230
342,Portie,Elven,pelven9h@apache.org,Bigender,142.184.181.89
343,Jasun,Garnett,jgarnett9i@tuttocitta.it,Male,125.69.228.86
344,Nilson,Ellaway,nellaway9j@epa.gov,Male,60.89.162.220
345,Camila,Lammie,clammie9k@simplemachines.org,Female,131.86.199.205
346,Chev,Hugonet,chugonet9l@gov.uk,Male,40.51.155.230
347,Hieronymus,Filson,hfilson9m@lycos.com,Male,11.254.172.196
348,Normie,Carreyette,ncarreyette9n@example.com,Male,218.96.247.37
349,Jonell,Megroff,jmegroff9o@china.com.cn,Female,154.4.79.88
350,Bernita,Feckey,bfeckey9p@ucla.edu,Non-binary,52.191.177.186
351,Aile,Matzen,amatzen9q@people.com.cn,Female,205.60.120.185
352,Silva,Cahillane,scahillane9r@topsy.com,Agender,175.69.72.27
353,Sean,Horrigan,shorrigan9s@hubpages.com,Male,191.135.115.165
354,Noll,Kennally,nkennally9t@loc.gov,Male,3.27.45.219
355,Ignaz,Capun,icapun9u@vimeo.com,Male,127.59.38.200
356,Ole,Slimon,oslimon9v@deliciousdays.com,Male,93.255.200.21
357,Bank,Dundredge,bdundredge9w@ca.gov,Male,198.116.210.171
358,Tanny,Miskin,tmiskin9x@imgur.com,Male,127.135.20.33
359,Nerta,Brik,nbrik9y@symantec.com,Female,120.193.104.126
360,Fanechka,Baxandall,fbaxandall9z@fotki.com,Female,91.219.135.32
361,Anestassia,Squelch,asquelcha0@g.co,Female,54.128.3.168
362,Renaud,Standbridge,rstandbridgea1@skype.com,Male,2.36.210.252
363,Bret,Rainy,brainya2@hp.com,Male,215.99.236.250
364,Russell,Bengtson,rbengtsona3@dagondesign.com,Male,247.53.230.130
365,Zelig,Rodden,zroddena4@smugmug.com,Male,142.46.179.174
366,Konstance,Measures,kmeasuresa5@cbc.ca,Female,86.216.2.129
367,Jay,McKinna,jmckinnaa6@yolasite.com,Male,71.100.133.177
368,Pepillo,Hazelgreave,phazelgreavea7@so-net.ne.jp,Male,69.231.87.146
369,Sheilakathryn,Gifford,sgifforda8@a8.net,Female,83.118.136.231
370,Leeann,Cobello,lcobelloa9@amazon.co.uk,Female,58.157.164.54
371,Liane,Kenworthy,lkenworthyaa@apple.com,Female,192.211.207.52
372,Luigi,Sager,lsagerab@sfgate.com,Male,30.113.22.172
373,Dame,Pitkeathley,dpitkeathleyac@scribd.com,Male,126.210.115.212
374,Allsun,Beddie,abeddiead@nyu.edu,Female,127.185.89.83
375,Wainwright,Gaylard,wgaylardae@blogspot.com,Male,23.204.234.103
376,Kara,Mayes,kmayesaf@ezinearticles.com,Female,22.224.243.169
377,Chalmers,McQuirk,cmcquirkag@ft.com,Male,206.9.161.121
378,Karrah,De Ath,kdeathah@patch.com,Female,3.152.23.22
379,Abby,Carpe,acarpeai@is.gd,Male,208.192.27.54
380,Linnea,Goodspeed,lgoodspeedaj@dailymail.co.uk,Female,44.128.183.133
381,Westbrooke,Mouton,wmoutonak@fema.gov,Male,107.255.98.174
382,Paquito,Cuddehy,pcuddehyal@soup.io,Male,59.108.41.27
383,Sayre,Merwe,smerweam@scribd.com,Female,99.97.1.79
384,Ellswerth,Simenot,esimenotan@goo.gl,Male,200.92.57.78
385,Niccolo,Skitral,nskitralao@hubpages.com,Male,169.38.122.215
386,Liana,O'Cullinane,locullinaneap@amazon.com,Female,233.185.158.198
387,Yankee,Huyche,yhuycheaq@gnu.org,Male,147.145.3.82
388,Grove,Kagan,gkaganar@yellowpages.com,Male,168.225.75.240
389,Terrence,Burkart,tburkartas@mapquest.com,Male,29.23.177.113
390,Emmalyn,Kordova,ekordovaat@yandex.ru,Female,69.93.11.26
391,Tiertza,Lackemann,tlackemannau@mail.ru,Female,57.217.82.3
392,Clarence,Cremin,ccreminav@theglobeandmail.com,Male,94.37.84.10
393,Roze,Cod,rcodaw@blogspot.com,Female,111.199.153.121
394,Georas,Borris,gborrisax@domainmarket.com,Male,57.10.11.144
395,Caesar,McCuish,cmccuishay@altervista.org,Male,171.251.32.214
396,Marika,Menezes,mmenezesaz@t-online.de,Female,88.230.8.170
397,Edie,Bodocs,ebodocsb0@hp.com,Female,183.69.241.145
398,Edna,Broadhead,ebroadheadb1@webmd.com,Genderfluid,85.24.101.168
399,Broddy,Pridgeon,bpridgeonb2@github.io,Male,124.219.89.31
400,Leonerd,Halbard,lhalbardb3@sciencedaily.com,Male,5.87.227.237
401,Lorita,Gull,lgullb4@rediff.com,Female,17.125.41.16
402,Vanna,Doxey,vdoxeyb5@ustream.tv,Female,209.100.203.79
403,Rodger,Schruyer,rschruyerb6@npr.org,Male,137.206.223.162
404,Adelbert,Kemston,akemstonb7@cisco.com,Male,200.2.214.106
405,Ronna,Yeatman,ryeatmanb8@ft.com,Female,236.88.135.111
406,Otis,Grayshon,ograyshonb9@cnn.com,Agender,60.81.133.13
407,Adriana,Vashchenko,avashchenkoba@yellowpages.com,Female,170.54.221.188
408,Caitlin,Barents,cbarentsbb@angelfire.com,Female,167.53.189.84
409,Lanae,Mason,lmasonbc@abc.net.au,Female,125.199.188.97
410,Griffin,Thurstan,gthurstanbd@homestead.com,Male,179.30.65.208
411,Redford,Lyness,rlynessbe@yolasite.com,Male,83.140.14.142
412,Karisa,Slarke,kslarkebf@altervista.org,Female,152.20.185.143
413,Morly,Dowse,mdowsebg@photobucket.com,Male,247.199.163.100
414,Mohammed,Atwill,matwillbh@51.la,Bigender,27.167.177.14
415,Eamon,Noades,enoadesbi@hostgator.com,Male,154.247.190.92
416,Godfry,Thirtle,gthirtlebj@google.co.uk,Male,48.122.24.208
417,Fabien,MacConnal,fmacconnalbk@china.com.cn,Male,222.178.37.96
418,Gerik,Eddisford,geddisfordbl@jalbum.net,Male,15.172.16.147
419,Kacie,Mullenger,kmullengerbm@slate.com,Female,72.96.108.150
420,Inesita,Cawdery,icawderybn@chron.com,Female,242.236.212.158
421,Graehme,Bachanski,gbachanskibo@jiathis.com,Male,188.134.153.32
422,Marve,MacKey,mmackeybp@simplemachines.org,Male,1.237.123.200
423,Kittie,Kesten,kkestenbq@oakley.com,Female,151.187.122.134
424,Horst,Fotherby,hfotherbybr@china.com.cn,Genderqueer,101.99.61.253
425,Berni,Durbyn,bdurbynbs@geocities.jp,Female,76.134.147.51
426,Karney,Matieu,kmatieubt@microsoft.com,Male,181.126.75.214
427,Ruthanne,Jeandel,rjeandelbu@instagram.com,Female,158.107.236.22
428,Rianon,Penley,rpenleybv@example.com,Female,38.167.108.106
429,Valentijn,Comoletti,vcomolettibw@themeforest.net,Male,36.159.47.78
430,Lizzie,Gritten,lgrittenbx@timesonline.co.uk,Female,252.124.58.137
431,Evangelia,Giaomozzo,egiaomozzoby@netlog.com,Female,32.170.33.74
432,Asia,Willowby,awillowbybz@theglobeandmail.com,Female,28.238.95.11
433,Gonzales,Kuzemka,gkuzemkac0@behance.net,Male,26.218.15.225
434,Tate,Kopfen,tkopfenc1@ucla.edu,Female,69.164.177.33
435,York,Aspray,yasprayc2@statcounter.com,Male,53.48.170.108
436,Xever,Eardley,xeardleyc3@un.org,Male,134.149.201.122
437,Clementius,Briggdale,cbriggdalec4@tamu.edu,Male,217.249.135.118
438,Savina,Itzcovich,sitzcovichc5@oracle.com,Female,99.2.150.233
439,Kalindi,Stonary,kstonaryc6@trellian.com,Female,175.126.112.215
440,Claudetta,Rosenblatt,crosenblattc7@posterous.com,Female,52.114.250.11
441,Petronilla,Fearnsides,pfearnsidesc8@behance.net,Female,141.23.30.147
442,Moise,Fredson,mfredsonc9@ebay.com,Male,206.176.85.62
443,Patsy,Kohrs,pkohrsca@lulu.com,Male,20.33.219.30
444,Kirby,Facher,kfachercb@miibeian.gov.cn,Male,108.172.174.127
445,Ameline,Athy,aathycc@fastcompany.com,Genderfluid,24.130.9.142
446,Fred,Slateford,fslatefordcd@epa.gov,Female,46.182.227.32
447,Christoffer,Rassmann,crassmannce@pcworld.com,Male,76.112.34.18
448,Halsey,Addey,haddeycf@tripadvisor.com,Male,121.118.110.237
449,Ransom,Sheaber,rsheabercg@google.co.jp,Non-binary,203.1.37.123
450,Polly,Yantsurev,pyantsurevch@posterous.com,Female,102.208.210.240
451,Andreas,McConnell,amcconnellci@phoca.cz,Male,136.190.25.228
452,Cesya,Tregust,ctregustcj@amazon.co.jp,Female,227.25.26.149
453,Aland,Pulsford,apulsfordck@etsy.com,Male,220.206.167.85
454,Klemens,Baltzar,kbaltzarcl@google.fr,Male,169.201.178.147
455,Angus,Fitzsymons,afitzsymonscm@uol.com.br,Male,90.199.83.116
456,Caria,Fullagar,cfullagarcn@alibaba.com,Female,166.24.222.132
457,Felita,Sich,fsichco@nhs.uk,Female,231.28.185.115
458,Raimondo,MacKissack,rmackissackcp@twitter.com,Male,105.93.139.25
459,Gianina,Roncelli,groncellicq@joomla.org,Female,16.121.7.188
460,Brynn,Brady,bbradycr@ft.com,Female,255.126.179.144
461,Ulric,Achurch,uachurchcs@sun.com,Male,178.216.57.156
462,Hermina,Ferrandez,hferrandezct@nih.gov,Female,4.196.189.47
463,Timotheus,Stanistrete,tstanistretecu@microsoft.com,Male,70.237.7.46
464,Torey,Sears,tsearscv@hostgator.com,Male,83.52.211.84
465,Bobbee,Weall,bweallcw@cornell.edu,Female,0.15.237.103
466,Hubie,Cothey,hcotheycx@tinyurl.com,Male,113.173.135.183
467,Francklyn,Nund,fnundcy@blogger.com,Male,142.142.171.167
468,Roana,Gatrill,rgatrillcz@uol.com.br,Female,196.53.1.244
469,Maggi,Frushard,mfrushardd0@taobao.com,Female,121.213.59.30
470,Victor,Culp,vculpd1@ihg.com,Agender,226.198.34.105
471,Cosmo,Semken,csemkend2@soundcloud.com,Male,32.95.119.51
472,Dionisio,Wensley,dwensleyd3@theguardian.com,Male,210.207.228.148
473,Golda,MacKnockiter,gmacknockiterd4@arstechnica.com,Agender,245.250.23.76
474,Madalena,Turnell,mturnelld5@aboutads.info,Female,171.59.215.39
475,Candis,Thirkettle,cthirkettled6@hud.gov,Female,34.115.195.171
476,Junia,Wahncke,jwahncked7@weather.com,Female,148.18.216.162
477,Berri,Wardall,bwardalld8@washington.edu,Female,90.44.138.21
478,Gill,Spurret,gspurretd9@cnet.com,Female,129.239.36.35
479,Deloris,Cowburn,dcowburnda@chicagotribune.com,Female,247.94.165.132
480,Reed,Jessopp,rjessoppdb@networkadvertising.org,Male,103.164.169.134
481,Benny,Manderson,bmandersondc@istockphoto.com,Male,25.116.42.249
482,Patrick,Carswell,pcarswelldd@instagram.com,Male,157.241.55.111
483,Davide,Edeson,dedesonde@techcrunch.com,Male,58.162.26.19
484,Kelli,Algie,kalgiedf@wikia.com,Female,159.29.230.110
485,Danya,Braganca,dbragancadg@bing.com,Female,25.214.195.110
486,Angelia,Graveston,agravestondh@netscape.com,Female,197.201.249.18
487,Krisha,Sherman,kshermandi@ezinearticles.com,Male,41.251.36.117
488,Leicester,Jeannaud,ljeannauddj@china.com.cn,Male,209.67.129.233
489,Martina,Cardiff,mcardiffdk@epa.gov,Female,250.146.212.138
490,Claire,Broyd,cbroyddl@indiegogo.com,Genderfluid,197.78.154.137
491,Viviene,Cluney,vcluneydm@archive.org,Female,80.213.67.123
492,Salomon,Calender,scalenderdn@sun.com,Male,19.243.50.68
493,Derward,Wasson,dwassondo@blogger.com,Male,80.10.2.222
494,Deane,Hackin,dhackindp@vk.com,Female,191.58.32.233
495,Shaughn,Alonso,salonsodq@mashable.com,Male,171.112.113.83
496,Audi,Pilsworth,apilsworthdr@diigo.com,Female,254.88.72.221
497,Malia,Franciskiewicz,mfranciskiewiczds@acquirethisname.com,Female,232.121.187.206
498,Giana,Pafford,gpafforddt@liveinternet.ru,Female,234.192.199.78
499,Marv,Venn,mvenndu@moonfruit.com,Male,118.50.202.220
500,Briana,Hush,bhushdv@desdev.cn,Female,135.236.86.58
501,Caroline,Stonhard,cstonharddw@barnesandnoble.com,Polygender,94.201.75.120
502,Jules,Benbough,jbenboughdx@naver.com,Male,19.230.20.54
503,Luise,Harragin,lharragindy@bing.com,Female,219.102.255.57
504,Kathryne,Petegrew,kpetegrewdz@hhs.gov,Female,78.189.1.128
505,Margalit,De Caroli,mdecarolie0@hc360.com,Female,107.55.76.179
506,Conroy,Grewcock,cgrewcocke1@ftc.gov,Genderqueer,37.3.176.195
507,Henri,Navan,hnavane2@shutterfly.com,Male,217.204.172.22
508,Siouxie,Keyden,skeydene3@nytimes.com,Female,211.139.201.236
509,Shandy,Bakewell,sbakewelle4@istockphoto.com,Genderfluid,15.52.179.66
510,Kissie,Posthill,kposthille5@themeforest.net,Female,22.121.146.198
511,Elsworth,Venn,evenne6@blogs.com,Bigender,125.125.108.207
512,Georas,MacVean,gmacveane7@ask.com,Polygender,56.190.29.66
513,Aurelea,Benny,abennye8@freewebs.com,Female,74.170.156.57
514,Thomasine,Springtorpe,tspringtorpee9@tripod.com,Female,217.88.148.249
515,Kelsey,Tregona,ktregonaea@mediafire.com,Male,161.43.16.64
516,Darren,Stuchburie,dstuchburieeb@list-manage.com,Male,242.120.200.242
517,Marcella,Brazel,mbrazelec@google.fr,Female,88.117.85.16
518,Camellia,Viste,cvisteed@webeden.co.uk,Female,248.237.122.38
519,Cherianne,Eyre,ceyreee@toplist.cz,Female,164.224.253.111
520,Osborn,Weedon,oweedonef@bluehost.com,Male,206.74.150.147
521,Fraser,Pryer,fpryereg@mac.com,Male,167.52.36.166
522,Skell,MacColm,smaccolmeh@quantcast.com,Male,247.114.221.195
523,Trevor,Meier,tmeierei@rakuten.co.jp,Male,130.182.61.47
524,Ryley,Phizacklea,rphizackleaej@w3.org,Male,234.2.64.249
525,Christal,Doeg,cdoegek@apache.org,Female,254.67.13.110
526,Myrilla,Yair,myairel@patch.com,Bigender,18.100.216.231
527,Abraham,Carling,acarlingem@tamu.edu,Male,86.94.174.132
528,Billi,Nutbeem,bnutbeemen@tripod.com,Female,152.83.201.198
529,Jeffie,Domleo,jdomleoeo@cloudflare.com,Male,170.1.160.251
530,Elayne,Whitlow,ewhitlowep@archive.org,Agender,144.253.149.3
531,Hort,Pennaman,hpennamaneq@about.me,Male,70.6.208.96
532,Kelbee,Capstack,kcapstacker@purevolume.com,Male,199.218.228.54
533,Shel,Fronsek,sfronsekes@deliciousdays.com,Female,143.99.109.192
534,Aaron,Leppington,aleppingtonet@yolasite.com,Male,62.217.71.6
535,Maynard,Cobbold,mcobboldeu@g.co,Male,134.62.204.62
536,Joyce,Jervois,jjervoisev@deviantart.com,Non-binary,18.198.184.46
537,Xever,Wort,xwortew@godaddy.com,Male,82.189.63.147
538,Shamus,Watts,swattsex@howstuffworks.com,Male,11.111.128.19
539,Elena,Rosenkrantz,erosenkrantzey@marriott.com,Female,248.192.48.46
540,Trixie,Lawlan,tlawlanez@newyorker.com,Bigender,42.176.138.37
541,Rivkah,Slatter,rslatterf0@arizona.edu,Female,103.214.172.30
542,Guglielmo,Hunstone,ghunstonef1@infoseek.co.jp,Male,112.206.49.71
543,Wendel,Real,wrealf2@amazon.com,Male,142.116.194.247
544,Kate,Cuckoo,kcuckoof3@jiathis.com,Female,217.98.171.85
545,Tomkin,Withers,twithersf4@wix.com,Male,25.12.186.49
546,Babbie,Willimott,bwillimottf5@dot.gov,Polygender,88.229.131.99
547,Sloan,Palmby,spalmbyf6@about.com,Male,107.203.125.159
548,Albie,Sellors,asellorsf7@ezinearticles.com,Male,81.66.162.238
549,Barry,Daniels,bdanielsf8@360.cn,Male,241.197.238.187
550,Lenee,Bohje,lbohjef9@biglobe.ne.jp,Female,152.0.44.185
551,Chrisse,Kinnin,ckinninfa@virginia.edu,Male,57.69.118.134
552,Nike,McCarver,nmccarverfb@latimes.com,Female,67.66.251.217
553,Kit,Cousans,kcousansfc@yahoo.co.jp,Male,5.201.146.73
554,Florella,Skelhorne,fskelhornefd@exblog.jp,Bigender,150.80.147.151
555,Gerald,Miliffe,gmiliffefe@twitpic.com,Male,228.75.197.165
556,Moyna,McRory,mmcroryff@hubpages.com,Genderqueer,238.166.138.106
557,Vickie,Crossby,vcrossbyfg@elpais.com,Female,183.87.232.50
558,Madelyn,De Vuyst,mdevuystfh@ebay.co.uk,Female,105.212.89.83
559,Adora,Cairney,acairneyfi@ted.com,Female,67.51.255.26
560,Marion,Snalum,msnalumfj@linkedin.com,Male,175.207.136.231
561,Morris,Gottschalk,mgottschalkfk@deviantart.com,Male,98.16.124.185
562,Kirby,Keemer,kkeemerfl@blogtalkradio.com,Female,212.35.245.49
563,Agosto,Biss,abissfm@bluehost.com,Male,59.197.116.9
564,Lulu,Arguile,larguilefn@pbs.org,Female,10.178.159.31
565,Lenna,Cattell,lcattellfo@prweb.com,Female,37.21.114.70
566,Edwin,Derks,ederksfp@gravatar.com,Male,223.218.164.64
567,Sharron,Filer,sfilerfq@over-blog.com,Female,25.239.250.225
568,Damita,Marflitt,dmarflittfr@hibu.com,Female,233.222.25.65
569,Lola,Briztman,lbriztmanfs@google.cn,Female,69.63.37.164
570,Renato,Hinckley,rhinckleyft@omniture.com,Male,28.173.204.175
571,Gallagher,Robertsen,grobertsenfu@hatena.ne.jp,Male,214.75.206.133
572,Antons,Addey,aaddeyfv@harvard.edu,Male,59.107.205.212
573,Luelle,Cyseley,lcyseleyfw@t.co,Female,69.241.229.171
574,Linc,Cromett,lcromettfx@tinyurl.com,Male,200.27.101.168
575,Vanya,Hendrik,vhendrikfy@webnode.com,Female,152.234.205.116
576,Bengt,Kilmartin,bkilmartinfz@wikimedia.org,Male,139.205.251.236
577,Terese,Fynn,tfynng0@usda.gov,Female,61.113.206.37
578,Susie,Learoyd,slearoydg1@wp.com,Female,77.136.191.154
579,Zorah,Gadie,zgadieg2@theatlantic.com,Female,21.243.250.198
580,Georgianne,Bonallick,gbonallickg3@dailymail.co.uk,Agender,199.158.205.87
581,Skipton,Richardin,sricharding4@stanford.edu,Male,36.129.49.251
582,Shaine,Pickworth,spickworthg5@flavors.me,Male,74.33.62.72
583,Russ,Olenov,rolenovg6@macromedia.com,Male,16.209.127.70
584,Jerrold,Valens-Smith,jvalenssmithg7@scientificamerican.com,Male,146.229.187.222
585,Gibby,Harback,gharbackg8@salon.com,Genderfluid,250.233.199.100
586,Darb,Verity,dverityg9@mit.edu,Female,54.249.93.148
587,Padraic,Enocksson,penockssonga@trellian.com,Male,161.165.42.139
588,Vinson,Gian,vgiangb@skyrock.com,Male,160.62.94.203
589,Magnum,Bridgwood,mbridgwoodgc@free.fr,Male,152.59.124.189
590,Griffith,Alpin,galpingd@nih.gov,Male,201.177.60.31
591,Daphene,Rocco,droccoge@tinyurl.com,Bigender,1.215.81.76
592,Goldy,Gillinghams,ggillinghamsgf@fc2.com,Female,41.240.173.43
593,Rebecka,Alwood,ralwoodgg@wsj.com,Female,137.186.176.87
594,Leopold,Frede,lfredegh@blogspot.com,Male,255.10.116.96
595,Clarey,Filewood,cfilewoodgi@icq.com,Female,203.199.134.115
596,Jerrold,Todari,jtodarigj@yale.edu,Male,60.178.240.185
597,Joscelin,Sijmons,jsijmonsgk@mashable.com,Female,255.94.20.154
598,Wanids,Veivers,wveiversgl@cocolog-nifty.com,Female,4.33.140.61
599,Cy,Lefridge,clefridgegm@go.com,Male,246.218.235.9
600,Robert,Swannie,rswanniegn@gizmodo.com,Male,178.203.228.59
