id,first_name,last_name,email,gender,ip_address
1,Rafaelia,Canadas,rcanadas0@flickr.com,Female,197.27.101.237
2,Melicent,McDavitt,mmcdavitt1@homestead.com,Female,176.140.133.205
3,Lenka,Van Velde,lvanvelde2@usnews.com,Female,76.238.220.124
4,Clare,McKeighen,cmckeighen3@sitemeter.com,Female,253.201.127.240
5,Agna,Barrowcliffe,abarrowcliffe4@ibm.com,Female,214.208.153.126
6,Rourke,Dunthorne,rdunthorne5@cisco.com,Male,48.67.11.211
7,Gauthier,Croall,gcroall6@sina.com.cn,Male,186.67.30.71
8,Udale,Alexandrescu,ualexandrescu7@merriam-webster.com,Bigender,99.10.20.201
9,Elfrida,Chesters,echesters8@wikipedia.org,Female,149.221.168.70
10,Arvie,Matschoss,amatschoss9@loc.gov,Male,247.127.124.31
11,Leelah,Murcott,lmurcotta@plala.or.jp,Female,130.195.146.199
12,Minor,Sallan,msallanb@wiley.com,Male,39.210.143.137
13,Binky,Patkin,bpatkinc@disqus.com,Male,34.61.168.119
14,Kimberley,Hugueville,khuguevilled@flavors.me,Female,144.9.134.180
15,Mandie,Semour,msemoure@alexa.com,Female,11.111.189.142
16,Jenny,Ostick,jostickf@ebay.com,Genderqueer,175.142.9.65
17,Cece,Abson,cabsong@ebay.co.uk,Genderqueer,160.172.91.138
18,Lanny,Wastell,lwastellh@webs.com,Female,184.220.165.28
19,Ediva,Kittel,ekitteli@discuz.net,Female,32.174.194.154
20,Yolane,Witz,ywitzj@bloomberg.com,Female,103.223.132.8
21,Selie,Duce,sducek@simplemachines.org,Agender,120.254.24.115
22,Ninnette,Featherstonehaugh,nfeatherstonehaughl@toplist.cz,Female,105.26.129.254
23,Mead,Pulfer,mpulferm@foxnews.com,Male,146.59.212.232
24,Diarmid,Carlesso,dcarlesson@topsy.com,Male,81.192.194.243
25,Marchelle,Aldam,maldamo@techcrunch.com,Female,170.244.76.175
26,Wilbur,Warsop,wwarsopp@soup.io,Male,239.174.15.67
27,Fredra,Meadus,fmeadusq@businessinsider.com,Female,141.179.73.217
28,Andrea,Branwhite,abranwhiter@storify.com,Female,208.105.126.162
29,Kellen,McAviy,kmcaviys@sitemeter.com,Male,29.155.37.106
30,Franny,Ready,freadyt@sciencedirect.com,Male,134.158.1.156
31,Loree,Bulter,lbulteru@apple.com,Female,84.137.86.7
32,Dulcy,Quigg,dquiggv@usda.gov,Female,124.89.46.232
33,Sylas,Cowhig,scowhigw@vkontakte.ru,Male,239.46.214.217
34,Arlen,Burfitt,aburfittx@accuweather.com,Male,73.27.0.249
35,Mohandis,Sparsholt,msparsholty@infoseek.co.jp,Male,207.190.166.94
36,Creigh,Ander,canderz@icio.us,Genderfluid,143.220.250.103
37,Marrissa,Morgan,mmorgan10@apache.org,Female,237.37.156.180
38,Odelle,Lude,olude11@macromedia.com,Female,172.244.102.201
39,Ennis,Petriello,epetriello12@studiopress.com,Male,201.245.221.117
40,Dorelia,Beals,dbeals13@paypal.com,Non-binary,50.93.190.72
41,Bette,Sears,bsears14@whitehouse.gov,Female,83.174.215.121
42,Marcella,Gierck,mgierck15@globo.com,Female,6.115.56.66
43,Fairleigh,Mockler,fmockler16@tumblr.com,Male,6.119.44.74
44,Maurizia,Paragreen,mparagreen17@miitbeian.gov.cn,Genderfluid,224.252.176.108
45,Balduin,Denziloe,bdenziloe18@mac.com,Male,75.60.33.137
46,Urbain,Krout,ukrout19@dailymail.co.uk,Genderqueer,227.42.20.192
47,Garrick,Tomenson,gtomenson1a@squarespace.com,Male,52.80.122.86
48,Cyndia,Sheehy,csheehy1b@wufoo.com,Female,199.100.110.200
49,Montgomery,Alden,malden1c@nifty.com,Male,214.244.88.63
50,Curtice,Peele,cpeele1d@istockphoto.com,Male,133.240.99.3
51,Geralda,MacCorley,gmaccorley1e@usgs.gov,Female,237.166.107.15
52,Phaidra,Laybourne,playbourne1f@gravatar.com,Female,26.143.38.124
53,Franklin,Start,fstart1g@vkontakte.ru,Male,174.180.200.195
54,Carl,Shambrooke,cshambrooke1h@google.com.br,Male,155.142.204.60
55,Gilbert,Illidge,gillidge1i@nationalgeographic.com,Genderqueer,8.48.105.159
56,Lindsy,Kensington,lkensington1j@trellian.com,Female,194.63.253.6
57,Bunny,Oselton,boselton1k@japanpost.jp,Female,15.233.193.219
58,Kathryne,Loomis,kloomis1l@php.net,Female,28.191.143.150
59,Clo,Disley,cdisley1m@europa.eu,Female,46.133.63.152
60,Bear,Napper,bnapper1n@chicagotribune.com,Male,231.235.99.214
61,Angil,Croome,acroome1o@dropbox.com,Female,195.151.3.230
62,Farley,Ingry,fingry1p@printfriendly.com,Male,60.249.75.242
63,Thorndike,Littell,tlittell1q@parallels.com,Male,15.92.141.173
64,Clarey,Spanton,cspanton1r@merriam-webster.com,Female,79.15.177.152
65,Florian,Offell,foffell1s@acquirethisname.com,Male,156.58.155.63
66,Phylis,Stickings,pstickings1t@pbs.org,Female,23.148.2.160
67,Westleigh,Korejs,wkorejs1u@oakley.com,Male,52.165.179.241
68,Denis,Crowhurst,dcrowhurst1v@dmoz.org,Male,59.49.218.49
69,Pamela,Izhakov,pizhakov1w@mediafire.com,Female,57.240.166.178
70,Fanny,Creyke,fcreyke1x@narod.ru,Female,134.157.78.92
71,Willard,Graveson,wgraveson1y@artisteer.com,Male,186.127.98.84
72,Myrtle,Moverley,mmoverley1z@is.gd,Female,5.107.140.24
73,Karney,Rankmore,krankmore20@dmoz.org,Male,144.43.159.175
74,Gib,Karim,gkarim21@wufoo.com,Male,89.229.71.49
75,Lilyan,Yakobowitz,lyakobowitz22@unesco.org,Female,11.124.182.115
76,Elias,Bunten,ebunten23@stumbleupon.com,Male,116.146.176.214
77,Ganny,Perulli,gperulli24@nytimes.com,Male,194.229.255.132
78,Ezra,Beresford,eberesford25@princeton.edu,Male,92.65.227.50
79,Sigismondo,Strand,sstrand26@hugedomains.com,Genderqueer,58.140.79.43
80,Sebastian,Ventham,sventham27@accuweather.com,Male,199.242.59.38
81,Suzette,Spelman,sspelman28@youku.com,Female,245.203.239.142
82,Evvie,Ferneley,eferneley29@slashdot.org,Female,24.222.222.96
83,Ransom,Finnie,rfinnie2a@fastcompany.com,Male,131.192.167.137
84,Casey,Inch,cinch2b@facebook.com,Male,232.34.60.32
85,Fayre,Cosin,fcosin2c@topsy.com,Female,78.83.222.169
86,Kathye,Moorcraft,kmoorcraft2d@examiner.com,Female,137.254.217.212
87,Jodi,Pashler,jpashler2e@list-manage.com,Genderfluid,48.134.205.101
88,Ruthe,Plumridge,rplumridge2f@hhs.gov,Female,96.3.33.157
89,Eda,Tackett,etackett2g@github.com,Female,122.36.222.37
90,Mikkel,Camp,mcamp2h@seesaa.net,Male,134.164.139.115
91,Graeme,Duckers,gduckers2i@amazonaws.com,Polygender,64.7.107.2
92,Rose,Killock,rkillock2j@berkeley.edu,Agender,35.246.38.86
93,Leanor,Davidman,ldavidman2k@cloudflare.com,Female,181.8.27.74
94,Weston,Jostan,wjostan2l@networksolutions.com,Genderqueer,5.254.9.111
95,Windy,Le Barr,wlebarr2m@mapy.cz,Female,188.1.86.5
96,Gerrie,Veall,gveall2n@yelp.com,Female,170.46.167.6
97,Sergei,Vandrill,svandrill2o@eepurl.com,Male,73.231.183.92
98,Ibbie,Kincla,ikincla2p@abc.net.au,Female,250.100.51.5
99,Karoly,Ackland,kackland2q@dedecms.com,Female,6.151.70.236
100,Donelle,Bullan,dbullan2r@miitbeian.gov.cn,Female,137.61.35.61
101,Page,Kilbey,pkilbey2s@w3.org,Bigender,35.142.91.88
102,Iver,Bunhill,ibunhill2t@ca.gov,Genderfluid,167.72.115.112
103,Filippa,Shieldon,fshieldon2u@bloomberg.com,Female,223.67.213.38
104,Ianthe,Livett,ilivett2v@webeden.co.uk,Female,107.116.83.70
105,Naoma,Grigorescu,ngrigorescu2w@typepad.com,Female,49.40.64.85
106,Derrick,Rugge,drugge2x@dell.com,Male,150.126.219.70
107,Lucien,Pimbley,lpimbley2y@yellowbook.com,Male,244.71.228.146
108,Osbert,Sidebotham,osidebotham2z@home.pl,Male,21.44.71.17
109,Bernie,Mariyushkin,bmariyushkin30@barnesandnoble.com,Male,194.125.171.146
110,Ethelind,McRuvie,emcruvie31@dagondesign.com,Agender,189.83.70.38
111,Madlin,Tidball,mtidball32@dot.gov,Female,12.105.247.231
112,Clemmy,Kunkler,ckunkler33@seattletimes.com,Male,220.225.220.202
113,Marget,Yallop,myallop34@dell.com,Female,235.182.111.171
114,Tessi,Dunnett,tdunnett35@nhs.uk,Female,215.130.222.139
115,Kira,Castellini,kcastellini36@woothemes.com,Female,137.78.150.16
116,Richy,Mattecot,rmattecot37@msu.edu,Male,2.155.8.204
117,Bartolomeo,Knoble,bknoble38@salon.com,Male,84.197.123.175
118,Giordano,Leathes,gleathes39@redcross.org,Male,211.70.8.85
119,Wendel,Beauly,wbeauly3a@so-net.ne.jp,Male,146.118.57.248
120,Davide,MacClinton,dmacclinton3b@army.mil,Male,233.54.26.33
121,Lowrance,Capstake,lcapstake3c@slashdot.org,Male,169.222.82.184
122,Phillipp,Cholomin,pcholomin3d@topsy.com,Male,156.114.120.24
123,Saree,McEntagart,smcentagart3e@addthis.com,Female,41.165.109.165
124,Eileen,Filip,efilip3f@amazon.com,Female,214.243.228.72
125,Jobi,Sparks,jsparks3g@phoca.cz,Female,118.232.237.189
126,Lockwood,Madill,lmadill3h@ucsd.edu,Male,195.226.85.195
127,Weidar,O'Hollegan,wohollegan3i@lycos.com,Male,235.224.73.42
128,Cassaundra,Slimming,cslimming3j@google.nl,Female,10.254.213.139
129,Bambi,Loosley,bloosley3k@google.com.au,Female,202.194.130.186
130,Ursulina,Rymell,urymell3l@odnoklassniki.ru,Female,109.204.150.36
131,Rich,Gayter,rgayter3m@webeden.co.uk,Male,122.216.43.58
132,Nye,Heyns,nheyns3n@princeton.edu,Male,0.244.128.154
133,Darryl,Varnes,dvarnes3o@slideshare.net,Female,133.213.172.89
134,Marys,Bendon,mbendon3p@cisco.com,Genderqueer,76.234.73.201
135,Selene,Farnfield,sfarnfield3q@statcounter.com,Female,150.82.57.18
136,Zacharia,Crumb,zcrumb3r@pbs.org,Male,127.40.196.108
137,Tabitha,Leverentz,tleverentz3s@joomla.org,Female,65.44.169.105
138,Jeremie,Kinnen,jkinnen3t@amazon.co.jp,Male,53.179.45.226
139,Aurthur,Jachtym,ajachtym3u@macromedia.com,Agender,234.4.245.63
140,Keefer,Bauld,kbauld3v@bigcartel.com,Male,241.83.208.56
141,Patsy,Rowston,prowston3w@pbs.org,Genderfluid,141.228.245.67
142,Georgianna,Merveille,gmerveille3x@t-online.de,Female,176.139.44.31
143,Neils,Dobie,ndobie3y@patch.com,Male,37.154.190.115
144,Issie,Rodliff,irodliff3z@i2i.jp,Female,178.148.90.82
145,Cheryl,Atley,catley40@wikispaces.com,Female,51.85.4.36
146,Stephana,Elecum,selecum41@addthis.com,Female,226.252.240.23
147,Samson,Marrison,smarrison42@deviantart.com,Male,43.162.37.50
148,Rutter,Cumbers,rcumbers43@europa.eu,Male,148.68.210.150
149,Thibaut,Chawner,tchawner44@csmonitor.com,Male,9.68.74.214
150,Doreen,Gabbitas,dgabbitas45@imgur.com,Female,10.83.36.185
151,Martica,Furzer,mfurzer46@state.tx.us,Female,194.154.11.140
152,Renato,Busain,rbusain47@cdc.gov,Male,90.104.217.76
153,Raina,Oxbrow,roxbrow48@epa.gov,Female,22.46.249.226
154,Boyd,McWilliam,bmcwilliam49@sitemeter.com,Male,168.120.64.93
155,Meaghan,Waldrum,mwaldrum4a@twitpic.com,Female,225.94.181.78
156,Damian,Frankel,dfrankel4b@hatena.ne.jp,Male,56.47.100.6
157,Teodor,Glanester,tglanester4c@vimeo.com,Male,0.224.215.126
158,Osbourne,Norgan,onorgan4d@hatena.ne.jp,Male,94.117.221.206
159,Ade,Mendes,amendes4e@hp.com,Male,162.99.214.153
160,Sonja,Knightley,sknightley4f@jigsy.com,Female,211.135.54.139
161,Tamarra,Chattock,tchattock4g@forbes.com,Female,46.224.32.148
162,Magdalena,Fenelow,mfenelow4h@miitbeian.gov.cn,Female,35.12.2.244
163,Fairlie,Jimmison,fjimmison4i@pen.io,Male,232.183.252.251
164,Phyllys,Kiddey,pkiddey4j@pcworld.com,Female,226.233.145.44
165,Waiter,Korous,wkorous4k@patch.com,Bigender,220.82.147.160
166,Eugenio,Saylor,esaylor4l@deviantart.com,Male,117.59.231.66
167,Lorine,Taunton.,ltaunton4m@clickbank.net,Female,96.16.165.177
168,Belinda,Joire,bjoire4n@gravatar.com,Female,202.233.35.199
169,Stanly,Ramlot,sramlot4o@scientificamerican.com,Male,208.33.53.247
170,Elka,Govern,egovern4p@ted.com,Female,169.142.168.106
171,Myra,Lummus,mlummus4q@berkeley.edu,Female,12.240.212.244
172,Kaspar,Peete,kpeete4r@ucsd.edu,Male,211.163.143.58
173,Bradan,Playfoot,bplayfoot4s@t-online.de,Male,70.125.57.51
174,Bianka,Baser,bbaser4t@acquirethisname.com,Polygender,99.142.115.86
175,Bord,Baress,bbaress4u@seattletimes.com,Male,95.100.236.20
176,Law,Pantry,lpantry4v@trellian.com,Male,65.176.190.53
177,Eli,Witch,ewitch4w@squarespace.com,Male,194.0.192.85
178,Berny,Wassung,bwassung4x@sciencedirect.com,Male,126.44.123.242
179,Nickolas,Hurnell,nhurnell4y@exblog.jp,Male,123.174.223.66
180,Sher,Willowby,swillowby4z@columbia.edu,Genderqueer,112.205.67.57
181,Saraann,Rediers,srediers50@kickstarter.com,Female,75.2.216.189
182,Dimitri,Turnbull,dturnbull51@com.com,Genderqueer,153.181.101.253
183,Iain,Tuplin,ituplin52@gizmodo.com,Male,122.147.247.20
184,Christos,Benda,cbenda53@myspace.com,Male,43.136.160.126
185,Nissa,Simonou,nsimonou54@chicagotribune.com,Female,36.99.172.20
186,Hilliard,Prine,hprine55@shop-pro.jp,Male,44.72.148.32
187,Jard,Malter,jmalter56@accuweather.com,Male,60.249.193.221
188,Allen,Feehely,afeehely57@wikispaces.com,Male,14.230.158.230
189,Stillmann,Yoselevitch,syoselevitch58@arizona.edu,Male,171.163.40.193
190,Peterus,Le Leu,pleleu59@boston.com,Male,0.215.77.130
191,Bentley,Ewert,bewert5a@furl.net,Male,165.18.194.196
192,Godfrey,Ockleshaw,gockleshaw5b@geocities.jp,Genderqueer,244.148.235.197
193,Kristyn,Estable,kestable5c@twitter.com,Female,65.230.230.241
194,Roberta,Bagguley,rbagguley5d@mayoclinic.com,Genderfluid,169.205.62.136
195,Lanie,Hoggins,lhoggins5e@instagram.com,Female,57.43.185.166
196,Hieronymus,Capelow,hcapelow5f@facebook.com,Male,218.111.225.49
197,Peadar,Beed,pbeed5g@goodreads.com,Male,213.146.95.135
198,Pavla,Hannond,phannond5h@biglobe.ne.jp,Female,215.28.173.200
199,Aggy,Dimitriev,adimitriev5i@fastcompany.com,Female,222.123.91.9
200,Ricoriki,Dwire,rdwire5j@virginia.edu,Male,142.77.50.32
201,Jackie,Colrein,jcolrein5k@ucla.edu,Female,53.107.238.115
202,Genovera,Surgey,gsurgey5l@bizjournals.com,Female,102.222.219.222
203,Darby,Armell,darmell5m@topsy.com,Female,158.51.85.45
204,Marsiella,Ellingford,mellingford5n@moonfruit.com,Female,40.8.97.99
205,Juliet,Cosbee,jcosbee5o@ted.com,Female,22.225.148.71
206,Xenos,Kneesha,xkneesha5p@thetimes.co.uk,Male,52.97.68.143
207,Konstantine,Melan,kmelan5q@indiatimes.com,Male,219.24.221.171
208,Alistair,Daveran,adaveran5r@ning.com,Male,231.216.32.110
209,Vikki,Picard,vpicard5s@skype.com,Female,147.148.96.193
210,Cynde,Triplow,ctriplow5t@youtube.com,Female,250.235.83.32
211,Sasha,McGlone,smcglone5u@skyrock.com,Male,212.189.90.19
212,Ezmeralda,Brumfitt,ebrumfitt5v@goo.gl,Female,182.7.179.44
213,Crystie,Antoons,cantoons5w@archive.org,Female,29.168.117.224
214,Dasi,Hardiman,dhardiman5x@joomla.org,Female,126.49.213.46
215,Olva,Sterricker,osterricker5y@blinklist.com,Female,44.50.5.220
216,Whitby,Baldung,wbaldung5z@deviantart.com,Male,253.156.8.245
217,Beau,Silcocks,bsilcocks60@furl.net,Male,11.241.63.46
218,Raphael,Chastel,rchastel61@slashdot.org,Genderfluid,73.158.129.170
219,Kaiser,Duckit,kduckit62@theguardian.com,Male,22.126.107.109
220,Fonzie,Dykas,fdykas63@biblegateway.com,Agender,64.3.109.203
221,Danette,Walker,dwalker64@gravatar.com,Female,253.192.47.2
222,Arabela,Kembley,akembley65@webs.com,Female,186.93.203.166
223,Alexandre,Dumbelton,adumbelton66@java.com,Male,80.54.249.25
224,Kimberlyn,Evelyn,kevelyn67@mail.ru,Female,54.225.106.195
225,Giffie,Hovert,ghovert68@twitpic.com,Male,42.102.43.85
226,Julius,Daskiewicz,jdaskiewicz69@smugmug.com,Male,103.152.178.131
227,Josy,Croughan,jcroughan6a@printfriendly.com,Female,193.21.179.173
228,Haroun,Jimes,hjimes6b@paypal.com,Male,62.218.225.157
229,Perceval,Pentelo,ppentelo6c@123-reg.co.uk,Male,64.80.225.5
230,Valenka,Jorczyk,vjorczyk6d@cafepress.com,Female,116.126.20.109
231,Francois,Mannering,fmannering6e@telegraph.co.uk,Male,204.114.120.148
232,Audre,Knoton,aknoton6f@biblegateway.com,Female,236.170.104.246
233,Ervin,Jeaneau,ejeaneau6g@mtv.com,Male,150.43.89.80
234,Adriaens,Givens,agivens6h@ted.com,Female,49.131.251.143
235,Micheal,Yarnton,myarnton6i@diigo.com,Male,37.205.212.168
236,Gram,Cardinal,gcardinal6j@patch.com,Male,228.115.45.18
237,Joelle,Saunderson,jsaunderson6k@abc.net.au,Female,246.251.170.124
238,Rosemaria,Moffet,rmoffet6l@youtu.be,Female,236.59.77.250
239,Lisbeth,Trighton,ltrighton6m@ebay.co.uk,Female,58.81.215.12
240,Sayre,Seabon,sseabon6n@army.mil,Female,217.143.182.114
241,Lida,Skirling,lskirling6o@gov.uk,Female,46.11.13.224
242,Fidelity,Cadigan,fcadigan6p@nsw.gov.au,Female,139.44.7.133
243,Britteny,Duell,bduell6q@sohu.com,Female,235.199.80.72
244,Englebert,Brooksbank,ebrooksbank6r@samsung.com,Male,204.28.133.171
245,Melly,Prantoni,mprantoni6s@xrea.com,Female,185.253.95.134
246,Herby,Tungate,htungate6t@fda.gov,Polygender,63.72.79.71
247,Mariele,Rowbottam,mrowbottam6u@wufoo.com,Bigender,18.123.150.81
248,Mickey,Coenraets,mcoenraets6v@irs.gov,Genderfluid,47.145.173.176
249,Joeann,Radborn,jradborn6w@jimdo.com,Female,172.215.100.166
250,Randie,Ridesdale,rridesdale6x@nih.gov,Female,111.19.217.57
251,Britt,Beyn,bbeyn6y@yandex.ru,Female,74.34.20.209
252,Olin,Gillooly,ogillooly6z@qq.com,Male,111.164.162.154
253,Elsie,Gorini,egorini70@a8.net,Female,125.120.57.21
254,Zollie,McKeon,zmckeon71@webnode.com,Male,201.219.171.202
255,Lisetta,Jandourek,ljandourek72@cnn.com,Female,68.242.4.25
256,Brade,Lanon,blanon73@newyorker.com,Male,251.3.241.175
257,Penny,Bish,pbish74@indiegogo.com,Male,124.123.247.242
258,Val,Gert,vgert75@jimdo.com,Female,154.224.150.57
259,Brig,Curtayne,bcurtayne76@dmoz.org,Male,190.14.209.50
260,Bradford,Laffoley-Lane,blaffoleylane77@google.pl,Male,135.98.114.148
261,Celestine,Wogan,cwogan78@woothemes.com,Female,116.255.164.213
262,Enriqueta,Rathmell,erathmell79@constantcontact.com,Genderqueer,115.186.205.53
263,Alfred,Simpson,asimpson7a@netvibes.com,Bigender,233.2.174.146
264,Jens,Singh,jsingh7b@hexun.com,Male,215.133.165.19
265,Benji,McGairl,bmcgairl7c@addthis.com,Male,79.36.159.141
266,Genovera,Hurl,ghurl7d@google.com.br,Female,247.52.66.244
267,Freemon,Acock,facock7e@ustream.tv,Male,4.81.117.235
268,Brenden,Brittlebank,bbrittlebank7f@springer.com,Male,114.193.131.151
269,Eilis,Emsden,eemsden7g@blogger.com,Female,100.159.100.61
270,Toddie,Wasiela,twasiela7h@freewebs.com,Male,184.35.230.29
271,Pate,Eves,peves7i@hubpages.com,Male,158.130.216.198
272,Benedetta,McKmurrie,bmckmurrie7j@vkontakte.ru,Female,161.196.102.80
273,Mel,Hubbins,mhubbins7k@ycombinator.com,Male,225.167.234.134
274,Sawyer,Milkins,smilkins7l@is.gd,Male,102.202.27.242
275,Brianna,Ollett,bollett7m@plala.or.jp,Female,52.39.80.207
276,Janot,Regorz,jregorz7n@naver.com,Non-binary,154.196.131.70
277,Brice,Pountney,bpountney7o@amazon.de,Male,27.75.59.78
278,Lanae,Warne,lwarne7p@yolasite.com,Female,245.251.170.246
279,Osbert,Beccero,obeccero7q@vk.com,Male,68.38.43.66
280,Katerine,Buntine,kbuntine7r@tmall.com,Female,45.87.110.168
281,Flo,Petrus,fpetrus7s@adobe.com,Female,185.244.223.189
282,Alexia,Tootell,atootell7t@utexas.edu,Female,181.81.53.9
283,Warner,Derry,wderry7u@multiply.com,Male,226.240.106.210
284,Bevan,Tondeur,btondeur7v@desdev.cn,Male,198.185.9.172
285,Gene,Feehily,gfeehily7w@fc2.com,Male,58.111.109.192
286,Zora,Renbold,zrenbold7x@ocn.ne.jp,Female,2.113.102.229
287,Kelcy,Haggeth,khaggeth7y@i2i.jp,Agender,191.58.247.37
288,Fancy,Winson,fwinson7z@nhs.uk,Female,109.73.109.130
289,Arly,Rosewall,arosewall80@washingtonpost.com,Female,60.50.249.101
290,Tadd,Muzzollo,tmuzzollo81@aboutads.info,Male,92.110.197.70
291,Emili,Neill,eneill82@washingtonpost.com,Female,64.69.140.224
292,Evy,Silley,esilley83@netvibes.com,Female,14.135.19.4
293,Melanie,Thies,mthies84@squidoo.com,Female,242.153.235.241
294,Myranda,Bendell,mbendell85@indiatimes.com,Female,199.73.81.205
295,Benetta,Martinet,bmartinet86@sohu.com,Female,1.2.61.5
296,Ferdinande,Youd,fyoud87@booking.com,Female,244.50.212.183
297,Mindy,Eyton,meyton88@oaic.gov.au,Female,134.108.23.189
298,Booth,Walker,bwalker89@blogs.com,Male,186.179.123.11
299,Gifford,Dreakin,gdreakin8a@gmpg.org,Polygender,214.131.177.249
300,Christie,Balffye,cbalffye8b@ft.com,Male,229.254.23.226
301,David,Rockcliff,drockcliff8c@washington.edu,Male,132.204.51.121
302,Rodolfo,Cellier,rcellier8d@php.net,Non-binary,10.137.227.198
303,Alberta,Folger,afolger8e@xinhuanet.com,Female,250.247.202.100
304,Sawyere,McManus,smcmanus8f@newyorker.com,Male,139.63.216.171
305,Pepita,Godfree,pgodfree8g@samsung.com,Non-binary,109.72.128.77
306,Kate,Gouldthorpe,kgouldthorpe8h@ted.com,Female,245.5.165.68
307,Rica,Clapshaw,rclapshaw8i@123-reg.co.uk,Female,43.112.251.194
308,Rachelle,Templman,rtemplman8j@hc360.com,Female,81.120.226.22
309,Lucie,Larkworthy,llarkworthy8k@cloudflare.com,Female,201.13.88.195
310,Dyanna,Celez,dcelez8l@twitter.com,Female,65.52.71.241
311,Elias,Clayill,eclayill8m@spotify.com,Male,228.165.208.9
312,Eba,Farr,efarr8n@senate.gov,Bigender,109.116.61.56
313,Cody,Dubose,cdubose8o@yelp.com,Male,226.78.12.93
314,Butch,O'Teague,boteague8p@i2i.jp,Male,217.46.115.133
315,Leena,Normant,lnormant8q@typepad.com,Female,184.35.238.72
316,Bealle,Kedward,bkedward8r@simplemachines.org,Male,24.172.10.194
317,Elene,Bachelor,ebachelor8s@free.fr,Female,122.112.108.218
318,Johnath,McLanachan,jmclanachan8t@eventbrite.com,Female,54.193.95.182
319,Jeff,Tampion,jtampion8u@wikispaces.com,Male,66.6.162.101
320,Gino,Lowth,glowth8v@discuz.net,Male,102.233.194.47
321,Lise,Flemmich,lflemmich8w@usa.gov,Female,213.95.215.59
322,Darrelle,Spillman,dspillman8x@walmart.com,Female,6.168.66.60
323,Hurlee,Duggon,hduggon8y@baidu.com,Male,223.143.113.145
324,Gustave,Pretley,gpretley8z@umich.edu,Male,52.97.66.69
325,Teodora,Reddell,treddell90@wunderground.com,Female,63.201.72.172
326,Sven,Pittson,spittson91@friendfeed.com,Male,59.1.21.245
327,Ilaire,Durek,idurek92@phoca.cz,Male,246.197.141.101
328,Free,Brennan,fbrennan93@infoseek.co.jp,Male,138.133.175.34
329,Benedicto,Ambroix,bambroix94@usda.gov,Male,39.239.106.159
330,Henrieta,Minchinton,hminchinton95@yale.edu,Female,2.223.78.158
331,Tamera,Phelipeau,tphelipeau96@dyndns.org,Female,112.234.240.176
332,Lou,Welbourn,lwelbourn97@whitehouse.gov,Female,88.253.220.150
333,Bonita,Goldie,bgoldie98@people.com.cn,Female,93.137.138.105
334,Marcelle,Djurevic,mdjurevic99@blogspot.com,Bigender,29.145.73.201
335,Ches,Double,cdouble9a@naver.com,Male,51.189.91.232
336,Daphna,Bragg,dbragg9b@foxnews.com,Female,186.36.106.186
337,Adeline,Ambroz,aambroz9c@narod.ru,Non-binary,186.12.217.176
338,Bar,Clee,bclee9d@1und1.de,Male,15.80.254.140
339,Calypso,Roblett,croblett9e@youtube.com,Female,0.178.189.179
340,Mata,Olley,molley9f@ovh.net,Male,249.152.179.160
341,Tine,Blasl,tblasl9g@networkadvertising.org,Female,218.64.74.87
342,Gallagher,Magill,gmagill9h@ucla.edu,Male,159.194.59.245
343,Beatrisa,Doble,bdoble9i@sina.com.cn,Female,155.226.193.66
344,Chaddie,Hattigan,chattigan9j@tamu.edu,Male,170.108.94.66
345,Dolly,Taplin,dtaplin9k@java.com,Female,238.77.194.163
346,Vanda,Wardley,vwardley9l@ask.com,Female,219.251.27.92
347,Mark,Proffer,mproffer9m@discuz.net,Genderfluid,46.24.54.128
348,Drugi,Riddle,driddle9n@phoca.cz,Male,112.22.181.200
349,Bobinette,Elleray,belleray9o@odnoklassniki.ru,Female,37.114.237.112
350,Correy,Smart,csmart9p@eventbrite.com,Female,57.33.222.82
351,Danya,Soutar,dsoutar9q@europa.eu,Female,25.4.122.37
352,Gonzales,Bliben,gbliben9r@home.pl,Male,232.29.72.180
353,Georg,Langer,glanger9s@mapy.cz,Male,204.141.15.249
354,Gavra,Sieve,gsieve9t@cdbaby.com,Female,223.197.143.42
355,Torin,Hurcombe,thurcombe9u@shutterfly.com,Male,7.35.3.134
356,Celestyn,Vasovic,cvasovic9v@msn.com,Female,143.25.73.178
357,Ruthie,Hune,rhune9w@gravatar.com,Female,8.8.33.208
358,Claresta,Ablewhite,cablewhite9x@miitbeian.gov.cn,Female,136.31.138.100
359,Webster,Bolzen,wbolzen9y@usnews.com,Male,168.199.5.201
360,Leda,Shelvey,lshelvey9z@timesonline.co.uk,Female,163.15.7.19
361,Berke,Spataro,bspataroa0@nsw.gov.au,Polygender,121.251.221.244
362,Parrnell,Iashvili,piashvilia1@opera.com,Male,4.215.157.124
363,Wes,Mattingly,wmattinglya2@devhub.com,Male,19.247.237.15
364,Rodrique,Schenfisch,rschenfischa3@telegraph.co.uk,Male,23.95.157.18
365,Cleveland,Maysor,cmaysora4@imgur.com,Male,214.64.244.113
366,Phineas,Yaneev,pyaneeva5@sbwire.com,Male,69.32.52.120
367,Briant,Negro,bnegroa6@nymag.com,Male,125.123.218.122
368,Danika,Treneer,dtreneera7@hostgator.com,Non-binary,63.152.217.65
369,Gabe,Bertholin,gbertholina8@independent.co.uk,Male,190.2.131.220
370,Thane,Fabb,tfabba9@chronoengine.com,Male,69.194.78.168
371,Tracie,Guerro,tguerroaa@goodreads.com,Male,221.227.187.55
372,Kellie,Whenham,kwhenhamab@narod.ru,Female,232.122.66.177
373,Abdel,Benedicto,abenedictoac@skype.com,Male,86.219.212.245
374,Davie,Goodding,dgooddingad@phpbb.com,Male,36.69.107.221
375,Agneta,Kuhlen,akuhlenae@uol.com.br,Female,85.54.208.57
376,Reagen,Messiter,rmessiteraf@theguardian.com,Male,107.53.60.197
377,Rosaline,Chennells,rchennellsag@census.gov,Female,188.170.15.77
378,Tommie,O'Hartnett,tohartnettah@dot.gov,Male,26.117.202.240
379,Giulia,Izzard,gizzardai@homestead.com,Female,61.178.174.10
380,Tybalt,Coopland,tcooplandaj@4shared.com,Male,244.1.19.53
381,Kelli,Tucknott,ktucknottak@reverbnation.com,Female,4.64.66.181
382,Leupold,Harvison,lharvisonal@jigsy.com,Male,102.163.11.15
383,Stavros,McCrainor,smccrainoram@theguardian.com,Male,24.192.136.183
384,Dalia,Moxom,dmoxoman@netlog.com,Agender,48.131.210.186
385,Maddy,Biset,mbisetao@shareasale.com,Female,127.244.74.129
386,Dehlia,Biddiss,dbiddissap@flavors.me,Female,153.148.242.177
387,Lombard,Kettlestringes,lkettlestringesaq@fda.gov,Male,226.200.124.15
388,Otis,Battelle,obattellear@dailymotion.com,Male,103.111.91.139
389,Paul,Fynes,pfynesas@mit.edu,Male,66.22.204.240
390,Staci,Daggett,sdaggettat@ca.gov,Female,201.248.230.242
391,Zitella,Moubray,zmoubrayau@ifeng.com,Female,21.164.108.165
392,Katee,Vasyutichev,kvasyutichevav@xrea.com,Agender,11.242.202.173
393,Danell,Cogin,dcoginaw@hexun.com,Female,228.24.83.212
394,Nissa,Fills,nfillsax@macromedia.com,Polygender,117.250.139.117
395,Deanna,Stones,dstonesay@163.com,Female,210.234.149.21
396,Vincent,Sains,vsainsaz@alibaba.com,Male,240.141.191.78
397,Hattie,Feldman,hfeldmanb0@jigsy.com,Female,215.33.8.66
398,Fran,Bernardelli,fbernardellib1@usnews.com,Male,65.17.178.101
399,Abbi,Harbisher,aharbisherb2@nature.com,Female,170.61.9.120
400,Hurleigh,Prandin,hprandinb3@w3.org,Male,118.136.148.154
401,Stern,Cote,scoteb4@examiner.com,Male,0.220.172.121
402,Carmelina,Hearst,chearstb5@infoseek.co.jp,Female,108.222.102.209
403,Brian,Calcutt,bcalcuttb6@deviantart.com,Non-binary,235.253.154.152
404,Vernon,Kunze,vkunzeb7@jugem.jp,Male,202.130.189.150
405,Mallissa,Romero,mromerob8@clickbank.net,Female,234.177.252.230
406,Joshia,Jindrak,jjindrakb9@irs.gov,Male,101.129.171.118
407,Harrison,Bestman,hbestmanba@cdc.gov,Male,46.69.212.98
408,Arabele,Nethercott,anethercottbb@mlb.com,Female,109.158.90.74
409,Carmelita,Varren,cvarrenbc@indiegogo.com,Female,24.209.12.59
410,Jameson,Seakin,jseakinbd@gizmodo.com,Male,189.173.246.149
411,Currie,Schonfeld,cschonfeldbe@desdev.cn,Male,85.159.149.126
412,Lusa,Kirman,lkirmanbf@nps.gov,Female,53.42.110.183
413,Patti,Rochewell,prochewellbg@github.com,Female,199.144.11.87
414,Robinson,Hellin,rhellinbh@so-net.ne.jp,Male,46.12.217.12
415,Sloane,Julien,sjulienbi@army.mil,Male,89.231.213.73
416,Astrid,McElrath,amcelrathbj@engadget.com,Female,95.48.88.28
417,Dredi,Liles,dlilesbk@buzzfeed.com,Female,104.217.138.212
418,Dorrie,MacCahee,dmaccaheebl@indiegogo.com,Female,230.180.113.60
419,Andriana,Heald,ahealdbm@bbb.org,Female,127.227.204.210
420,Manda,Castella,mcastellabn@eventbrite.com,Female,43.192.64.46
421,Carlee,Rousel,crouselbo@nifty.com,Female,171.139.166.78
422,Valery,Bramhill,vbramhillbp@themeforest.net,Female,28.76.133.234
423,Clarey,Goldsack,cgoldsackbq@booking.com,Female,191.184.43.149
424,Cad,Kewzick,ckewzickbr@nifty.com,Male,123.89.159.129
425,Adams,Freer,afreerbs@amazonaws.com,Male,176.3.14.179
426,Nessi,Checcuzzi,ncheccuzzibt@paginegialle.it,Female,34.92.22.215
427,Meier,Frankes,mfrankesbu@howstuffworks.com,Male,0.97.89.21
428,Hewie,Aprahamian,haprahamianbv@amazonaws.com,Male,109.143.202.24
429,Carolann,Maryon,cmaryonbw@jiathis.com,Female,252.34.238.247
430,Harwell,Henstone,hhenstonebx@answers.com,Male,131.6.204.1
431,Byram,Coiley,bcoileyby@slashdot.org,Male,161.33.242.66
432,Thorsten,Gebb,tgebbbz@miibeian.gov.cn,Male,245.131.208.227
433,Erik,Symes,esymesc0@unesco.org,Male,235.184.156.185
434,Sybil,Allcott,sallcottc1@blogs.com,Female,8.7.238.53
435,Gabrila,Demoge,gdemogec2@cloudflare.com,Female,176.184.221.126
436,Elle,Walkling,ewalklingc3@google.nl,Female,158.162.123.234
437,Mariquilla,Caudrelier,mcaudrelierc4@yolasite.com,Female,48.240.250.221
438,Ann,Feasey,afeaseyc5@liveinternet.ru,Female,134.224.50.245
439,Cleo,Sitwell,csitwellc6@1und1.de,Bigender,254.66.79.199
440,Adler,Eriksson,aerikssonc7@utexas.edu,Male,255.213.32.230
441,Stanly,Dobie,sdobiec8@hp.com,Male,34.153.153.229
442,Vittoria,Dunphie,vdunphiec9@posterous.com,Female,39.180.129.89
443,Anetta,Spiller,aspillerca@usatoday.com,Female,0.118.175.14
444,Shalom,Dillimore,sdillimorecb@flavors.me,Male,33.11.136.222
445,Farleigh,Stockings,fstockingscc@cdc.gov,Male,48.80.80.126
446,Sybila,Beades,sbeadescd@cisco.com,Female,136.19.100.34
447,Gracia,Petroff,gpetroffce@is.gd,Female,178.179.242.100
448,Amandie,Buncher,abunchercf@tripod.com,Female,159.2.162.16
449,Elvina,Zoellner,ezoellnercg@jimdo.com,Genderqueer,228.44.17.96
450,Meggie,Peirazzi,mpeirazzich@umn.edu,Female,151.202.172.127
451,Darsie,Fallows,dfallowsci@deviantart.com,Female,59.245.149.110
452,Loretta,Napthine,lnapthinecj@cocolog-nifty.com,Bigender,247.250.54.158
453,Judd,Farryn,jfarrynck@amazon.co.uk,Male,100.114.50.74
454,Mandi,Ridpath,mridpathcl@indiegogo.com,Female,111.243.90.217
455,Rory,Taffley,rtaffleycm@msu.edu,Female,148.5.170.52
456,Adore,Habben,ahabbencn@ebay.com,Female,119.76.132.230
457,Bernie,Bowser,bbowserco@vimeo.com,Female,17.234.142.217
458,Yancy,Beecham,ybeechamcp@com.com,Male,138.93.194.195
459,Lazarus,Nern,lnerncq@cyberchimps.com,Male,4.128.251.176
460,Bealle,Albury,balburycr@engadget.com,Male,101.169.19.20
461,Janine,Maslen,jmaslencs@live.com,Female,251.223.35.203
462,Jackquelin,Honywill,jhonywillct@tripod.com,Female,87.157.190.139
463,Tonnie,Lepope,tlepopecu@opensource.org,Male,206.151.169.233
464,Tasia,Ovett,tovettcv@cloudflare.com,Female,229.94.187.154
465,Leonie,Jencken,ljenckencw@github.com,Female,107.49.197.230
466,Lanae,Pineaux,lpineauxcx@blinklist.com,Female,144.176.154.24
467,Gusti,Sterman,gstermancy@harvard.edu,Agender,243.248.31.242
468,Gabriele,Dysert,gdysertcz@apple.com,Male,255.241.62.37
469,Claudia,Marrows,cmarrowsd0@a8.net,Female,47.24.151.84
470,Inessa,Hebbes,ihebbesd1@umich.edu,Female,154.228.217.133
471,Simona,Mathis,smathisd2@home.pl,Female,198.128.208.131
472,Carlie,Tregona,ctregonad3@amazonaws.com,Female,59.220.234.2
473,Addia,Cescot,acescotd4@smh.com.au,Female,201.139.72.142
474,Robinia,Cargon,rcargond5@tinypic.com,Female,103.110.131.18
475,Roshelle,Barrie,rbarried6@microsoft.com,Female,161.238.9.191
476,Pierre,Pickrell,ppickrelld7@imageshack.us,Male,57.242.11.190
477,Mace,De Beneditti,mdebenedittid8@meetup.com,Male,74.79.142.208
478,Guinna,Mossbee,gmossbeed9@so-net.ne.jp,Female,211.76.130.74
479,Karine,Taaffe,ktaaffeda@feedburner.com,Female,77.180.92.126
480,Gregor,Swire,gswiredb@netlog.com,Genderfluid,203.248.244.134
481,Maurie,Burridge,mburridgedc@live.com,Agender,167.220.41.202
482,Ephraim,De Biaggi,edebiaggidd@photobucket.com,Male,122.95.228.65
483,Chevy,Hawtrey,chawtreyde@theatlantic.com,Male,185.164.21.123
484,Amity,Higbin,ahigbindf@ehow.com,Female,67.118.243.30
485,Leigha,Eslemont,leslemontdg@google.ru,Female,210.38.27.246
486,Roderick,Shieldon,rshieldondh@ycombinator.com,Male,77.213.103.75
487,Anjanette,Etchells,aetchellsdi@sfgate.com,Female,104.53.139.53
488,Tatiania,Busch,tbuschdj@sbwire.com,Female,187.164.180.240
489,Tiena,Dawidman,tdawidmandk@mashable.com,Polygender,68.253.56.28
490,Whitman,Norrey,wnorreydl@technorati.com,Male,192.182.194.105
491,Augusta,Burghall,aburghalldm@about.me,Female,113.45.139.238
492,Sherm,Gontier,sgontierdn@feedburner.com,Male,127.195.205.152
493,Baxter,Beckinsale,bbeckinsaledo@xrea.com,Male,140.53.14.85
494,Ernesto,Grief,egriefdp@devhub.com,Bigender,151.32.115.4
495,Boy,Bodiam,bbodiamdq@netvibes.com,Male,20.96.171.252
496,Prue,Mardall,pmardalldr@thetimes.co.uk,Female,56.110.129.104
497,Kris,Hindenberger,khindenbergerds@facebook.com,Male,29.154.227.5
498,Glen,Baughan,gbaughandt@phpbb.com,Male,3.16.224.20
499,Tull,Colliford,tcolliforddu@unblog.fr,Polygender,239.44.250.88
500,Bidget,Dallosso,bdallossodv@npr.org,Female,137.43.195.147
501,Lianna,Le Provost,lleprovostdw@360.cn,Female,124.75.13.249
502,Ephrayim,Monketon,emonketondx@uol.com.br,Male,1.224.20.124
503,Katusha,Kemitt,kkemittdy@microsoft.com,Female,86.169.182.219
504,Sim,Vanes,svanesdz@house.gov,Male,253.163.65.230
505,Emmy,Philippou,ephilippoue0@wikia.com,Genderfluid,6.147.240.63
506,Stephenie,Jaszczak,sjaszczake1@nbcnews.com,Female,132.6.173.195
507,Margeaux,Ritchings,mritchingse2@sciencedirect.com,Female,248.171.245.82
508,Worthy,Kalker,wkalkere3@chronoengine.com,Male,226.110.214.18
509,Juditha,Wandrack,jwandracke4@illinois.edu,Female,119.122.164.88
510,Johnathan,Cancott,jcancotte5@cornell.edu,Male,176.113.191.0
511,Kaycee,Cracker,kcrackere6@umn.edu,Female,42.189.179.240
512,Gunther,Biss,gbisse7@wufoo.com,Male,145.111.203.160
513,Dierdre,Dunphy,ddunphye8@netvibes.com,Female,215.23.136.251
514,Keri,Ure,kuree9@gnu.org,Female,205.69.18.110
515,Morten,Rennock,mrennockea@youtube.com,Male,155.141.41.18
516,Catherin,Trusse,ctrusseeb@technorati.com,Female,67.227.46.49
517,Megan,Waghorne,mwaghorneec@umich.edu,Female,158.210.246.121
518,Russell,Bennedsen,rbennedsened@flickr.com,Male,114.0.92.110
519,Matty,Blinman,mblinmanee@washingtonpost.com,Male,111.21.48.46
520,Teodoro,Syncke,tsynckeef@google.co.jp,Male,168.58.23.208
521,Perla,Lanchester,planchestereg@wordpress.org,Female,139.255.244.166
522,Kirstyn,Pedrick,kpedrickeh@timesonline.co.uk,Female,122.67.153.72
523,Annadiane,Hazelton,ahazeltonei@mapy.cz,Female,58.105.213.9
524,Seumas,Tappor,stapporej@redcross.org,Male,237.210.27.104
525,Gillan,Loxdale,gloxdaleek@wikipedia.org,Female,66.31.21.140
526,Levy,Brugman,lbrugmanel@google.ru,Male,240.255.189.37
527,Juli,Hurnell,jhurnellem@macromedia.com,Female,155.185.64.105
528,Hashim,Jaycox,hjaycoxen@reference.com,Male,253.42.193.74
529,Debbie,Shout,dshouteo@ebay.co.uk,Female,229.78.220.111
530,Torin,Vedeshkin,tvedeshkinep@mediafire.com,Male,116.60.32.133
531,Jacklyn,Nudds,jnuddseq@blogspot.com,Female,66.32.169.131
532,Wes,Girauld,wgiraulder@wunderground.com,Male,130.169.34.210
533,Cathie,Walsom,cwalsomes@domainmarket.com,Female,87.161.79.201
534,Noby,Helleker,nhellekeret@microsoft.com,Male,172.28.37.61
535,Alley,Mothersdale,amothersdaleeu@jigsy.com,Male,54.150.60.65
536,Jessika,Skelton,jskeltonev@wisc.edu,Female,209.234.59.254
537,Beulah,Braffington,bbraffingtonew@fastcompany.com,Agender,108.228.45.115
538,Katinka,Enrich,kenrichex@canalblog.com,Female,3.74.119.74
539,Griffith,Stutt,gstuttey@fda.gov,Male,122.179.247.162
540,Geri,Posnett,gposnettez@omniture.com,Male,223.99.217.88
541,Man,Clemmitt,mclemmittf0@geocities.com,Male,110.57.117.244
542,Thomas,Yeldon,tyeldonf1@drupal.org,Male,102.116.12.124
543,Dinny,Oakey,doakeyf2@live.com,Female,17.167.189.228
544,Stephanie,Ellaman,sellamanf3@usa.gov,Female,216.70.58.244
545,Nels,Elph,nelphf4@who.int,Male,101.160.184.239
546,Corene,Arrington,carringtonf5@dyndns.org,Female,200.144.6.197
547,Benjamin,Obeney,bobeneyf6@blogspot.com,Male,183.179.251.56
548,Jesus,Washtell,jwashtellf7@angelfire.com,Male,23.182.4.158
549,Karel,Bohman,kbohmanf8@a8.net,Female,188.97.188.29
550,Garald,Gregersen,ggregersenf9@people.com.cn,Male,243.61.58.197
551,Brett,Peaker,bpeakerfa@mozilla.org,Male,202.244.224.227
552,Wallache,Crean,wcreanfb@pbs.org,Male,98.26.157.123
553,Cassondra,Crichley,ccrichleyfc@jigsy.com,Female,156.154.216.61
554,Ewell,Carslaw,ecarslawfd@bbc.co.uk,Male,159.255.162.218
555,Paco,Vittet,pvittetfe@apple.com,Male,159.174.225.239
556,Isabel,Everist,ieveristff@blogspot.com,Non-binary,84.203.134.50
557,Hildagard,Skamell,hskamellfg@zimbio.com,Female,163.119.128.233
558,Vasilis,Barde,vbardefh@exblog.jp,Male,121.207.245.202
559,Bellina,Catherall,bcatherallfi@geocities.jp,Non-binary,211.12.70.93
560,Mile,Rising,mrisingfj@telegraph.co.uk,Male,123.133.244.110
561,Denna,Blaycock,dblaycockfk@blog.com,Female,43.166.133.165
562,Arabelle,Armand,aarmandfl@ocn.ne.jp,Agender,31.77.248.192
563,Angus,Dalling,adallingfm@prnewswire.com,Male,65.173.124.79
564,Eliot,Kennham,ekennhamfn@globo.com,Male,114.147.46.87
565,Husein,Veillard,hveillardfo@mlb.com,Male,24.118.91.168
566,Starla,Lathwood,slathwoodfp@nsw.gov.au,Female,244.243.230.41
567,Dee,Breddy,dbreddyfq@indiatimes.com,Female,108.154.149.103
568,Alena,Shatford,ashatfordfr@artisteer.com,Female,8.211.127.8
569,Reggi,Bennie,rbenniefs@eepurl.com,Female,104.11.79.181
570,Mayne,Crosen,mcrosenft@uiuc.edu,Male,171.4.17.61
571,Mac,Wainscoat,mwainscoatfu@squidoo.com,Male,72.141.194.61
572,Desiri,Konig,dkonigfv@unicef.org,Female,118.92.97.85
573,Berty,Wisniowski,bwisniowskifw@rakuten.co.jp,Non-binary,63.0.163.197
574,Remy,Gutherson,rguthersonfx@twitter.com,Non-binary,96.146.155.137
575,Vaughn,Stanlick,vstanlickfy@blogs.com,Male,251.154.240.141
576,Aloin,Beet,abeetfz@spiegel.de,Male,75.33.133.0
577,Mozes,Oris,morisg0@barnesandnoble.com,Male,121.240.232.203
578,Brigg,Barratt,bbarrattg1@delicious.com,Male,255.218.254.175
579,Carole,Felderer,cfeldererg2@opensource.org,Polygender,81.158.220.20
580,Rowe,Zarfai,rzarfaig3@phoca.cz,Female,73.222.129.82
581,Shamus,England,senglandg4@globo.com,Male,96.199.29.208
582,Tamara,Darleston,tdarlestong5@homestead.com,Female,134.111.117.193
583,Ambrose,Le Estut,aleestutg6@cdbaby.com,Male,223.93.183.164
584,Tabina,Laughtisse,tlaughtisseg7@auda.org.au,Female,112.59.185.162
585,Gerome,Alcalde,galcaldeg8@elegantthemes.com,Male,139.14.204.219
586,Laurette,Gauntlett,lgauntlettg9@upenn.edu,Female,34.38.157.82
587,Benedicto,Beatty,bbeattyga@ucoz.com,Male,57.182.109.157
588,Carolin,Cummungs,ccummungsgb@howstuffworks.com,Female,66.153.95.245
589,Hersch,Osbaldeston,hosbaldestongc@mapquest.com,Male,0.4.107.174
590,Carleton,Ziemecki,cziemeckigd@icq.com,Male,143.121.22.155
591,Ruprecht,Staynes,rstaynesge@senate.gov,Male,36.54.42.22
592,Ethelbert,Bridges,ebridgesgf@bloomberg.com,Male,59.131.243.21
593,Freemon,Gummow,fgummowgg@soundcloud.com,Male,255.70.34.3
594,Nelia,Curnow,ncurnowgh@usnews.com,Female,58.161.83.129
595,Maridel,Digance,mdigancegi@hud.gov,Agender,105.118.219.14
596,Orelie,Novacek,onovacekgj@bluehost.com,Genderqueer,85.116.165.22
597,Temp,Fender,tfendergk@1und1.de,Male,18.218.175.214
598,Corrianne,Wanklyn,cwanklyngl@wikimedia.org,Female,97.58.118.206
599,Ricki,Ramirez,rramirezgm@tripod.com,Male,105.84.145.137
600,Abra,Wayman,awaymangn@dedecms.com,Female,181.6.69.4
601,Kendell,Szepe,kszepego@huffingtonpost.com,Male,139.193.30.140
602,Karalynn,Trulocke,ktrulockegp@washington.edu,Female,169.224.63.37
603,Padraig,Paulack,ppaulackgq@latimes.com,Male,170.173.201.29
604,Susanne,Dennant,sdennantgr@tinypic.com,Female,36.13.151.164
605,Gena,Baxstare,gbaxstaregs@ebay.co.uk,Female,176.154.252.186
606,Adelbert,Janaud,ajanaudgt@devhub.com,Male,103.153.91.133
607,Cedric,Valentetti,cvalentettigu@ca.gov,Male,52.194.98.172
608,Wallas,Pyecroft,wpyecroftgv@cafepress.com,Male,208.157.227.215
609,Tobias,Lydden,tlyddengw@reverbnation.com,Male,203.254.251.156
610,Hendrik,Kilian,hkiliangx@columbia.edu,Male,25.225.232.216
611,Jarad,Werendell,jwerendellgy@forbes.com,Male,70.197.32.100
612,Sam,Lindenman,slindenmangz@artisteer.com,Male,130.33.64.57
613,Daphna,Leffek,dleffekh0@blogs.com,Female,253.119.144.245
614,Mellie,Shorto,mshortoh1@plala.or.jp,Female,56.22.252.110
615,Gertie,Rubrow,grubrowh2@sitemeter.com,Bigender,104.153.33.165
616,Nikos,Precious,nprecioush3@bigcartel.com,Male,170.247.11.78
617,Bronny,Skilling,bskillingh4@mozilla.com,Male,155.182.234.55
618,Phillis,Litel,plitelh5@dailymail.co.uk,Female,72.163.115.83
619,Tonye,Oneile,toneileh6@ehow.com,Non-binary,229.243.50.180
620,Leonie,Clough,lcloughh7@npr.org,Genderqueer,90.9.89.160
621,Lay,de Merida,ldemeridah8@sbwire.com,Male,75.104.85.51
622,Norrie,Strognell,nstrognellh9@senate.gov,Female,42.118.216.159
623,Harriett,Bachelar,hbachelarha@reuters.com,Agender,166.232.150.108
624,Terrell,Gumly,tgumlyhb@psu.edu,Male,220.170.88.20
625,Georgeanna,Oxley,goxleyhc@amazonaws.com,Female,123.107.118.215
626,Bryn,Brydie,bbrydiehd@boston.com,Female,187.157.112.144
627,Janetta,Valentin,jvalentinhe@alexa.com,Female,237.158.215.44
628,Heinrick,Winger,hwingerhf@nature.com,Male,254.39.217.120
629,Puff,Stanlake,pstanlakehg@hugedomains.com,Male,196.162.174.126
630,Valentine,Reynault,vreynaulthh@ed.gov,Female,148.168.173.60
631,Jazmin,Dady,jdadyhi@seattletimes.com,Agender,29.174.47.45
632,Hewie,Gelletly,hgelletlyhj@liveinternet.ru,Polygender,10.66.195.35
633,Nettle,Dowson,ndowsonhk@bloglines.com,Female,243.184.144.178
634,Nancy,Curtis,ncurtishl@t.co,Female,220.156.124.35
635,Frans,Lukasik,flukasikhm@accuweather.com,Male,212.7.79.179
636,Iona,Gibby,igibbyhn@imdb.com,Female,1.98.139.168
637,Bradan,Strongitharm,bstrongitharmho@1688.com,Male,218.108.106.28
638,Sayre,Pouck,spouckhp@google.pl,Female,151.125.74.119
639,Nollie,Bowmen,nbowmenhq@mail.ru,Male,57.187.188.7
640,Cy,Rotherforth,crotherforthhr@omniture.com,Male,218.12.162.35
641,Clevie,Labrenz,clabrenzhs@miibeian.gov.cn,Male,10.193.60.208
642,Millisent,Tootal,mtootalht@economist.com,Female,63.141.122.213
643,Esdras,Adderson,eaddersonhu@aboutads.info,Male,196.50.71.104
644,Waite,Furney,wfurneyhv@mail.ru,Male,157.222.127.119
645,Shalne,Otton,sottonhw@japanpost.jp,Female,59.182.88.137
646,Clarita,Lamb-shine,clambshinehx@msn.com,Female,224.76.194.37
647,Frederick,Stubs,fstubshy@gnu.org,Male,193.127.248.221
648,Cathe,Sego,csegohz@shutterfly.com,Female,49.15.48.222
649,Darleen,Di Napoli,ddinapolii0@ox.ac.uk,Female,77.220.30.34
650,Sidonia,Phizackarley,sphizackarleyi1@qq.com,Female,22.62.35.121
651,Hodge,Bushnell,hbushnelli2@dion.ne.jp,Male,179.6.233.174
652,Alexine,Lissaman,alissamani3@ameblo.jp,Female,64.152.73.98
653,Theda,Tomaskov,ttomaskovi4@seesaa.net,Non-binary,237.7.226.86
654,Gertrudis,Meller,gmelleri5@bloglines.com,Female,93.134.53.59
655,Kennedy,Tait,ktaiti6@cocolog-nifty.com,Male,229.131.81.92
656,Ferdinande,Whistance,fwhistancei7@dyndns.org,Female,60.59.182.4
657,Graeme,Purchase,gpurchasei8@time.com,Male,13.156.151.246
658,Bryn,Zammitt,bzammitti9@slideshare.net,Male,250.227.128.66
659,Waldemar,Marjoribanks,wmarjoribanksia@wordpress.org,Male,153.236.101.87
660,Clevie,Jack,cjackib@princeton.edu,Male,162.166.190.42
661,Gloria,Dangerfield,gdangerfieldic@deliciousdays.com,Female,139.158.9.201
662,Arley,Sweating,asweatingid@xinhuanet.com,Male,115.150.42.212
663,Dione,Bills,dbillsie@stanford.edu,Female,182.128.223.7
664,Layne,Danbury,ldanburyif@cnbc.com,Polygender,107.197.47.102
665,Caty,Callway,ccallwayig@prweb.com,Female,38.82.74.225
666,Caralie,Butterwick,cbutterwickih@si.edu,Female,86.114.196.60
667,Allix,Richings,arichingsii@scribd.com,Female,124.226.212.16
668,Lay,Haxbie,lhaxbieij@soundcloud.com,Male,70.214.231.140
669,Charita,Nicklen,cnicklenik@clickbank.net,Agender,34.169.116.83
670,Moss,Carabine,mcarabineil@wsj.com,Genderqueer,192.35.71.34
671,Carlotta,Baughan,cbaughanim@weebly.com,Female,22.195.232.185
672,Reilly,Dwyr,rdwyrin@google.com,Male,90.181.113.27
673,Fifi,Endrighi,fendrighiio@reference.com,Female,7.194.240.199
674,Avril,Bielby,abielbyip@ustream.tv,Female,36.40.162.168
675,Murry,Bumphries,mbumphriesiq@unc.edu,Male,68.94.254.173
676,Kerry,Erdely,kerdelyir@youtu.be,Female,88.86.58.109
677,Arlee,Knightly,aknightlyis@nifty.com,Female,67.148.31.222
678,Finn,Aldin,faldinit@deliciousdays.com,Male,81.192.216.124
679,Nevil,Gyrgorcewicx,ngyrgorcewicxiu@fastcompany.com,Male,212.254.206.42
680,Nikaniki,Makin,nmakiniv@loc.gov,Female,113.27.28.163
681,Zacharia,Stephens,zstephensiw@vkontakte.ru,Male,66.240.117.114
682,Annamaria,Innott,ainnottix@sun.com,Female,149.93.0.32
683,Gene,Bonifas,gbonifasiy@cornell.edu,Female,60.186.137.98
684,Sheridan,Tern,sterniz@ameblo.jp,Male,59.8.223.229
685,Barbee,Vellacott,bvellacottj0@ebay.co.uk,Genderfluid,254.68.217.102
686,Dara,Eagland,deaglandj1@shutterfly.com,Female,178.130.148.219
687,Prentice,Dickie,pdickiej2@desdev.cn,Male,41.63.10.142
688,Perry,Snelgrove,psnelgrovej3@friendfeed.com,Female,88.170.59.157
689,Scotty,Itter,sitterj4@berkeley.edu,Male,56.39.151.207
690,Adele,Swidenbank,aswidenbankj5@ustream.tv,Female,203.67.34.21
691,Elwin,Gillion,egillionj6@chronoengine.com,Male,97.249.230.6
692,Allyson,Plante,aplantej7@unicef.org,Female,249.190.116.73
693,Auroora,Yakhin,ayakhinj8@zimbio.com,Female,125.208.164.76
694,Isak,Killcross,ikillcrossj9@hc360.com,Male,133.90.148.60
695,Ignaz,Guitonneau,iguitonneauja@instagram.com,Male,27.87.222.245
696,Sal,Cribbott,scribbottjb@digg.com,Female,122.155.64.110
697,Tine,Durker,tdurkerjc@upenn.edu,Female,99.137.235.15
698,Jerri,Ketley,jketleyjd@businesswire.com,Male,67.45.189.68
699,Debora,Slora,dsloraje@networkadvertising.org,Female,153.134.196.225
700,Aldous,Schafer,aschaferjf@wunderground.com,Male,224.106.84.181
