id,first_name,last_name,email,gender,ip_address
1,Krishna,Canty,kcanty0@miibeian.gov.cn,Male,123.216.38.210
2,Pat,Tschierse,ptschierse1@usda.gov,Female,152.232.20.227
3,Ruthe,Bareham,rbareham2@princeton.edu,Female,202.13.82.210
4,Marni,Cicchillo,mcicchillo3@ox.ac.uk,Female,201.145.198.46
5,Lilla,Carsey,lcarsey4@bloomberg.com,Female,25.237.255.194
6,Pedro,Lethebridge,plethebridge5@hugedomains.com,Male,169.163.93.86
7,Garv,Brislan,gbrislan6@ebay.co.uk,Male,162.162.177.14
8,Merline,Greenman,mgreenman7@jugem.jp,Female,0.179.0.141
9,Burnaby,Rumney,brumney8@seesaa.net,Male,8.207.241.248
10,Martin,Darbyshire,mdarbyshire9@chron.com,Polygender,6.254.6.77
11,Sydel,Lerwell,slerwella@nasa.gov,Bigender,245.173.240.223
12,Peyter,Stoffer,pstofferb@linkedin.com,Male,117.17.49.61
13,Bertrand,Camelin,bcamelinc@techcrunch.com,Male,27.233.196.50
14,Winifield,Swepstone,wswepstoned@china.com.cn,Male,251.228.5.165
15,Cecilio,Celloni,ccellonie@tuttocitta.it,Male,137.163.244.6
16,Tobiah,Graal,tgraalf@indiegogo.com,Male,57.94.78.77
17,Vonni,Braisted,vbraistedg@typepad.com,Female,134.251.119.200
18,Kelvin,Hast,khasth@xinhuanet.com,Male,76.131.251.17
19,Claudio,Sandell,csandelli@friendfeed.com,Male,80.67.174.73
20,Gib,Sanchis,gsanchisj@webeden.co.uk,Male,200.187.117.61
21,Talia,Axston,taxstonk@elpais.com,Female,49.235.19.119
22,Dorian,Itzchaki,ditzchakil@cargocollective.com,Male,39.218.77.161
23,Coleman,Plaskitt,cplaskittm@amazon.co.uk,Male,29.212.121.215
24,Ricky,Troup,rtroupn@amazonaws.com,Female,93.244.5.89
25,Aubry,Twigge,atwiggeo@wsj.com,Female,128.138.3.151
26,Errick,Bodley,ebodleyp@tuttocitta.it,Male,210.3.12.224
27,Brody,Jarmaine,bjarmaineq@cpanel.net,Male,185.34.74.148
28,Ingra,Keysel,ikeyselr@1688.com,Male,236.128.193.105
29,Cordie,Frunks,cfrunkss@umn.edu,Male,236.113.202.168
30,Vaclav,Schutter,vschuttert@reference.com,Male,115.217.23.40
31,Ferd,Beades,fbeadesu@admin.ch,Male,230.148.237.109
32,Garrard,Verdie,gverdiev@last.fm,Male,242.214.193.254
33,Cally,Cawson,ccawsonw@usgs.gov,Female,17.84.254.7
34,Gladys,O'Carroll,gocarrollx@wordpress.org,Female,146.8.238.36
35,Nathanael,Bavin,nbaviny@themeforest.net,Male,63.13.190.182
36,Janna,Goldson,jgoldsonz@blogger.com,Female,240.100.159.13
37,Allen,McHenry,amchenry10@bravesites.com,Male,190.163.10.98
38,Bernhard,Harniman,bharniman11@blogger.com,Male,152.140.192.139
39,Hurlee,Grise,hgrise12@ed.gov,Male,56.121.209.175
40,Kinny,Yandle,kyandle13@yelp.com,Male,179.1.75.31
41,Gillie,Le Provest,gleprovest14@kickstarter.com,Polygender,55.117.27.33
42,Anett,Bjorkan,abjorkan15@pcworld.com,Female,19.36.255.65
43,Enos,Springham,espringham16@go.com,Male,213.110.172.184
44,Zachary,Petru,zpetru17@hhs.gov,Male,150.135.244.175
45,Lucias,Winnard,lwinnard18@cnbc.com,Genderqueer,49.1.235.147
46,Frederigo,Jackman,fjackman19@angelfire.com,Male,59.28.214.228
47,Estrella,McKennan,emckennan1a@hugedomains.com,Female,6.195.158.178
48,Ker,Cartmail,kcartmail1b@phoca.cz,Male,208.168.144.109
49,Valencia,Epelett,vepelett1c@edublogs.org,Bigender,170.232.220.218
50,Denice,Sabates,dsabates1d@nhs.uk,Female,53.124.90.249
51,Archambault,O'Conor,aoconor1e@google.es,Male,252.109.97.225
52,Ward,O'Kelly,wokelly1f@usgs.gov,Non-binary,173.45.214.103
53,Danita,Testo,dtesto1g@dmoz.org,Female,87.153.244.240
54,Bartholomew,McGarrity,bmcgarrity1h@cyberchimps.com,Male,125.59.62.175
55,Kevin,Taft,ktaft1i@hatena.ne.jp,Male,103.60.61.134
56,Joyan,Matushevich,jmatushevich1j@networkadvertising.org,Female,250.64.172.21
57,Ara,Goodboddy,agoodboddy1k@rediff.com,Female,129.174.222.139
58,Elicia,Rocca,erocca1l@baidu.com,Female,218.156.76.209
59,Gertrudis,Mauchline,gmauchline1m@fema.gov,Female,136.205.140.121
60,Eamon,Yeo,eyeo1n@google.com.hk,Male,107.247.90.55
61,Tobey,Vineall,tvineall1o@digg.com,Female,116.67.57.6
62,Caro,Pineaux,cpineaux1p@reverbnation.com,Female,50.153.181.99
63,Doro,Callendar,dcallendar1q@youtu.be,Female,233.53.8.35
64,Rosanna,Oxx,roxx1r@about.com,Female,177.16.141.249
65,Anabelle,Passion,apassion1s@alibaba.com,Female,45.229.113.181
66,Scarface,Awton,sawton1t@statcounter.com,Male,43.209.139.113
67,Hussein,Lesley,hlesley1u@chronoengine.com,Male,239.220.38.213
68,Ulrike,Carrigan,ucarrigan1v@ca.gov,Female,65.48.111.239
69,Sammy,Sweedland,ssweedland1w@mayoclinic.com,Female,33.177.24.136
70,Bren,Crielly,bcrielly1x@typepad.com,Female,236.101.159.201
71,Claybourne,Bargery,cbargery1y@chicagotribune.com,Male,160.252.241.99
72,Oliver,Tansey,otansey1z@diigo.com,Male,226.10.94.164
73,Erna,Jaskowicz,ejaskowicz20@cnn.com,Female,193.211.197.104
74,Felix,Lamprey,flamprey21@4shared.com,Male,75.219.129.24
75,Reggie,Britney,rbritney22@behance.net,Female,156.125.156.55
76,Lothario,Evemy,levemy23@berkeley.edu,Male,55.82.233.190
77,Morgen,Dubock,mdubock24@tmall.com,Male,142.127.232.104
78,Ros,Conelly,rconelly25@topsy.com,Female,62.92.39.130
79,Sammy,Clouter,sclouter26@smugmug.com,Genderqueer,161.229.206.141
80,Ellette,McCard,emccard27@umn.edu,Female,181.190.35.44
81,Erl,Kilbourn,ekilbourn28@shop-pro.jp,Male,30.124.51.205
82,Dewitt,Bebb,dbebb29@noaa.gov,Male,82.223.204.107
83,Megen,Oram,moram2a@wisc.edu,Agender,191.8.155.149
84,Perice,Lethcoe,plethcoe2b@wordpress.org,Male,237.150.91.249
85,Ediva,Rochford,erochford2c@wikipedia.org,Non-binary,196.111.44.61
86,Cary,Vizard,cvizard2d@harvard.edu,Polygender,78.240.134.180
87,Levin,Kahn,lkahn2e@histats.com,Male,185.232.83.248
88,Georgy,Liptrod,gliptrod2f@twitter.com,Male,246.228.192.214
89,Friederike,Cowill,fcowill2g@msn.com,Female,143.96.223.29
90,Mikael,Effnert,meffnert2h@newyorker.com,Male,219.182.30.45
91,Patric,Summerley,psummerley2i@pbs.org,Agender,218.144.16.54
92,Erin,Karolyi,ekarolyi2j@independent.co.uk,Female,92.159.32.57
93,Monti,Capponer,mcapponer2k@google.com.au,Male,158.190.238.159
94,Ann-marie,Blenkhorn,ablenkhorn2l@ibm.com,Agender,248.97.190.143
95,Lloyd,Muncaster,lmuncaster2m@webs.com,Male,21.40.51.161
96,Tristan,De Giorgis,tdegiorgis2n@omniture.com,Male,108.29.124.17
97,Dunn,Papa,dpapa2o@cbsnews.com,Bigender,215.27.252.84
98,Albert,Darker,adarker2p@bigcartel.com,Male,57.2.74.8
99,Sosanna,Skain,sskain2q@biblegateway.com,Female,66.41.229.221
100,Shirlene,Janew,sjanew2r@deviantart.com,Female,166.135.7.183
101,Araldo,Mordie,amordie2s@mysql.com,Male,21.99.115.126
102,Florian,Eadmead,feadmead2t@mozilla.org,Male,163.75.108.160
103,Emmye,Arnatt,earnatt2u@irs.gov,Female,32.188.210.201
104,Matthew,Bryers,mbryers2v@rambler.ru,Male,217.177.156.42
105,Jehu,McKellar,jmckellar2w@barnesandnoble.com,Male,146.171.30.105
106,Marline,Osband,mosband2x@friendfeed.com,Female,59.148.228.56
107,Eustace,Leyborne,eleyborne2y@drupal.org,Polygender,152.156.167.48
108,Terza,Sybe,tsybe2z@hatena.ne.jp,Female,32.58.165.127
109,Nanon,Stannis,nstannis30@scribd.com,Female,40.194.17.94
110,Artemis,Sonschein,asonschein31@scientificamerican.com,Male,125.37.187.131
111,Edeline,Persehouse,epersehouse32@wsj.com,Female,254.114.113.82
112,Matthiew,Thow,mthow33@economist.com,Male,78.212.64.250
113,Stacee,Ast,sast34@bluehost.com,Female,167.71.125.110
114,Goldarina,McAleese,gmcaleese35@china.com.cn,Agender,213.90.188.58
115,Orrin,Currom,ocurrom36@google.fr,Male,66.78.79.6
116,Dolly,Crosby,dcrosby37@japanpost.jp,Female,146.54.33.95
117,Thekla,Edens,tedens38@de.vu,Female,184.112.156.31
118,Dalis,Buglass,dbuglass39@pen.io,Male,193.176.141.76
119,El,McGaffey,emcgaffey3a@time.com,Male,199.20.166.78
120,Mathe,Andreas,mandreas3b@dagondesign.com,Male,67.202.205.61
121,Turner,Bransby,tbransby3c@naver.com,Male,156.169.181.252
122,Neel,Quinby,nquinby3d@forbes.com,Bigender,33.51.200.84
123,Mallory,Willis,mwillis3e@comcast.net,Male,86.9.80.1
124,Roy,Roxby,rroxby3f@elpais.com,Male,55.196.3.27
125,Hinda,Struis,hstruis3g@state.gov,Female,94.206.44.100
126,Wood,Gabe,wgabe3h@prweb.com,Male,37.66.0.117
127,Nicholas,Goodlatt,ngoodlatt3i@fda.gov,Male,37.198.241.109
128,Steve,Bottini,sbottini3j@acquirethisname.com,Male,255.54.111.76
129,Dougie,Heinsen,dheinsen3k@indiatimes.com,Male,205.66.146.176
130,Kasper,Fullicks,kfullicks3l@theatlantic.com,Agender,236.141.204.17
131,Allyson,Leathers,aleathers3m@pen.io,Female,115.188.46.66
132,Keene,Cargo,kcargo3n@usgs.gov,Genderfluid,93.17.167.101
133,Rickey,Burnyeat,rburnyeat3o@house.gov,Male,192.232.135.65
134,Felix,Shilleto,fshilleto3p@hostgator.com,Male,205.188.30.246
135,Selestina,Outlaw,soutlaw3q@nasa.gov,Female,111.187.159.137
136,Dareen,Goodhand,dgoodhand3r@cnn.com,Female,251.47.200.11
137,Chery,Stoney,cstoney3s@ning.com,Female,133.10.75.153
138,Eadie,Moncreiffe,emoncreiffe3t@salon.com,Female,118.5.166.7
139,Phillipp,Faldoe,pfaldoe3u@google.fr,Male,197.167.48.46
140,Sunny,Matushevitz,smatushevitz3v@nba.com,Female,141.168.243.171
141,Corbin,Merioth,cmerioth3w@xinhuanet.com,Male,173.215.73.102
142,Kamilah,Colegrove,kcolegrove3x@biblegateway.com,Female,248.47.55.181
143,Aubrey,Amsberger,aamsberger3y@trellian.com,Female,201.82.148.233
144,Whitney,Purshouse,wpurshouse3z@360.cn,Male,120.204.170.237
145,Leland,Dancey,ldancey40@google.de,Male,14.137.219.30
146,Hebert,Putt,hputt41@shop-pro.jp,Genderqueer,153.177.101.218
147,Hertha,Jewise,hjewise42@google.es,Female,150.111.151.4
148,Chrysa,Digance,cdigance43@sphinn.com,Female,239.81.67.199
149,Daryn,Choake,dchoake44@netvibes.com,Female,48.134.248.134
150,Jarvis,Jerdein,jjerdein45@mozilla.org,Polygender,102.153.147.179
151,Isis,Yearns,iyearns46@merriam-webster.com,Female,73.60.211.104
152,Benita,O'Hallihane,bohallihane47@google.de,Female,124.141.173.239
153,Rustin,Klimentyonok,rklimentyonok48@independent.co.uk,Male,82.89.55.85
154,Hobey,Daspar,hdaspar49@simplemachines.org,Male,86.177.71.155
155,Reeba,Raoult,rraoult4a@imdb.com,Female,192.252.110.26
156,Balduin,Counihan,bcounihan4b@umn.edu,Male,238.57.101.21
157,Tab,Waslin,twaslin4c@newsvine.com,Male,36.199.227.60
158,Darill,Tipler,dtipler4d@amazon.com,Male,194.192.1.85
159,Horton,Colville,hcolville4e@amazonaws.com,Male,28.176.230.251
160,Urbano,Schuck,uschuck4f@wordpress.org,Male,97.171.158.90
161,Cesya,Goodlet,cgoodlet4g@weather.com,Female,93.130.139.48
162,Kaja,Gioani,kgioani4h@facebook.com,Non-binary,35.226.254.165
163,Ree,Clemenson,rclemenson4i@bandcamp.com,Bigender,132.9.62.177
164,Pancho,Weepers,pweepers4j@whitehouse.gov,Male,31.159.210.194
165,Lars,Blanko,lblanko4k@slashdot.org,Male,192.30.72.22
166,Putnam,Dionisii,pdionisii4l@icq.com,Male,179.165.244.182
167,Claudius,Vina,cvina4m@dell.com,Male,178.246.47.92
168,Ilyse,Otterwell,iotterwell4n@nih.gov,Female,32.74.223.161
169,Gabi,Penkman,gpenkman4o@woothemes.com,Male,27.191.115.205
170,Kristo,Ranns,kranns4p@bizjournals.com,Male,34.53.108.51
171,Meggi,Bisp,mbisp4q@auda.org.au,Female,239.206.49.112
172,Rochella,Flye,rflye4r@sciencedirect.com,Non-binary,190.106.80.26
173,Glenine,Gaylard,ggaylard4s@slashdot.org,Female,35.248.121.247
174,Morganne,Daughtrey,mdaughtrey4t@prweb.com,Female,44.139.176.68
175,Arnoldo,Hatcliffe,ahatcliffe4u@prweb.com,Polygender,172.198.107.107
176,Nick,Ferschke,nferschke4v@craigslist.org,Male,219.62.193.179
177,Gaspar,Guerrieri,gguerrieri4w@usa.gov,Male,186.245.195.100
178,Samuele,Hestrop,shestrop4x@rediff.com,Male,254.75.39.55
179,Rafaello,Nipper,rnipper4y@instagram.com,Male,161.116.128.36
180,Prudence,O'Kinedy,pokinedy4z@amazon.de,Female,36.87.24.55
181,Ogden,Edney,oedney50@bigcartel.com,Non-binary,195.183.198.225
182,Aleen,Epine,aepine51@merriam-webster.com,Female,55.101.47.170
183,Kelci,Stobie,kstobie52@sfgate.com,Female,221.70.92.249
184,Mercedes,Sedgeworth,msedgeworth53@ca.gov,Female,60.109.165.228
185,Muire,Anscott,manscott54@washington.edu,Female,54.140.66.20
186,Shane,Flaws,sflaws55@mail.ru,Female,167.4.170.179
187,Johann,Smallridge,jsmallridge56@github.com,Male,177.119.106.23
188,Celle,Serjent,cserjent57@vimeo.com,Female,23.11.244.203
189,Foster,Emeney,femeney58@gizmodo.com,Male,119.139.120.110
190,Farly,Skews,fskews59@umn.edu,Male,216.159.11.61
191,Auberta,Dightham,adightham5a@washingtonpost.com,Genderfluid,159.139.119.207
192,Bruno,Fevers,bfevers5b@chicagotribune.com,Non-binary,162.161.121.55
193,Audie,Filby,afilby5c@discuz.net,Female,138.124.133.160
194,Perry,Howland,phowland5d@godaddy.com,Male,0.117.24.52
195,Kimberly,Kmietsch,kkmietsch5e@census.gov,Female,23.91.32.113
196,Matteo,Sone,msone5f@nifty.com,Male,209.191.92.217
197,Kristina,Loche,kloche5g@samsung.com,Female,244.202.112.180
198,Alvina,Perton,aperton5h@hubpages.com,Female,116.228.201.43
199,Nickolaus,Britzius,nbritzius5i@shutterfly.com,Male,55.210.176.205
200,Blinnie,Bacup,bbacup5j@pbs.org,Female,56.155.88.95
201,Odelle,Sergent,osergent5k@oracle.com,Polygender,93.10.251.174
202,Adelheid,Munkley,amunkley5l@blogspot.com,Female,158.17.24.57
203,Anissa,Tointon,atointon5m@google.fr,Female,187.119.217.28
204,Link,Costell,lcostell5n@flavors.me,Male,162.243.142.163
205,Colette,Tuison,ctuison5o@sfgate.com,Female,130.61.90.42
206,Garrott,Petts,gpetts5p@hugedomains.com,Male,16.134.182.92
207,Brockie,Anslow,banslow5q@ask.com,Male,252.200.9.229
208,Herbie,Huckerbe,hhuckerbe5r@mit.edu,Male,13.183.237.90
209,Kristian,Sparkwill,ksparkwill5s@ycombinator.com,Male,50.128.237.36
210,Charlot,Aseef,caseef5t@soup.io,Female,11.124.190.1
211,Elsie,Wardle,ewardle5u@skype.com,Female,144.205.186.248
212,Charo,Gotch,cgotch5v@salon.com,Female,216.52.222.129
213,Maddalena,Lapslie,mlapslie5w@skyrock.com,Female,29.70.16.187
214,Dodie,Siggens,dsiggens5x@usda.gov,Female,233.11.236.50
215,Osmond,Shrimpton,oshrimpton5y@wp.com,Male,88.87.207.207
216,Mei,Brockhurst,mbrockhurst5z@archive.org,Female,43.20.39.51
217,Evelin,Vinnick,evinnick60@who.int,Male,0.123.24.30
218,Leslie,Dirkin,ldirkin61@dropbox.com,Male,61.235.171.118
219,Vaughan,Maffucci,vmaffucci62@bravesites.com,Male,7.217.151.239
220,Emmi,Russon,erusson63@cnn.com,Female,154.209.72.136
221,Beniamino,Caurah,bcaurah64@freewebs.com,Male,3.64.200.181
222,Obadias,Piscopo,opiscopo65@aboutads.info,Male,191.150.5.122
223,Broderick,Kellick,bkellick66@wp.com,Male,217.83.202.214
224,Zabrina,Puckham,zpuckham67@myspace.com,Female,163.223.14.25
225,Chick,Tyas,ctyas68@shop-pro.jp,Male,198.208.153.244
226,Forrester,Izatt,fizatt69@desdev.cn,Male,63.116.209.106
227,Brita,Dunnett,bdunnett6a@go.com,Female,19.108.151.42
228,Sinclare,Sparks,ssparks6b@telegraph.co.uk,Male,185.196.127.32
229,Ninnetta,Stanbury,nstanbury6c@gmpg.org,Female,168.178.8.175
230,Griffith,Rawet,grawet6d@elegantthemes.com,Male,187.53.80.98
231,Manda,Keilty,mkeilty6e@buzzfeed.com,Female,26.191.155.49
232,Johnnie,Hearst,jhearst6f@stumbleupon.com,Male,192.101.133.89
233,Neil,Mailey,nmailey6g@state.gov,Male,155.183.141.134
234,Hermina,Crossingham,hcrossingham6h@utexas.edu,Female,38.169.82.115
235,Almeta,O' Concannon,aoconcannon6i@vimeo.com,Female,137.147.88.97
236,Alyse,Rolles,arolles6j@cam.ac.uk,Female,214.21.173.239
237,Reed,Sommerling,rsommerling6k@pagesperso-orange.fr,Male,3.170.134.43
238,Clo,Everix,ceverix6l@businessweek.com,Female,135.220.207.202
239,Fawnia,Abramsky,fabramsky6m@army.mil,Female,224.14.204.201
240,Aldous,Barrat,abarrat6n@zdnet.com,Male,53.111.38.123
241,Rodrique,Leslie,rleslie6o@ed.gov,Male,62.28.94.24
242,Cecilius,Reah,creah6p@wordpress.com,Genderfluid,138.64.49.42
243,Gwendolin,Catonne,gcatonne6q@google.com.hk,Female,115.189.54.40
244,Theda,Heugle,theugle6r@arizona.edu,Female,226.183.226.103
245,Jaymie,Sherrott,jsherrott6s@toplist.cz,Male,164.115.191.210
246,Haily,Davidovitz,hdavidovitz6t@4shared.com,Male,195.162.30.97
247,Karry,Ferreiro,kferreiro6u@nifty.com,Female,100.64.24.197
248,Sheff,Conquest,sconquest6v@adobe.com,Male,122.242.33.157
249,Deidre,Knolles-Green,dknollesgreen6w@disqus.com,Female,112.218.174.228
250,Felix,Addison,faddison6x@ning.com,Male,194.138.126.57
251,Ninette,Mourge,nmourge6y@angelfire.com,Female,14.183.140.109
252,Darci,Dunsmuir,ddunsmuir6z@ed.gov,Polygender,130.225.53.125
253,Winne,Arthur,warthur70@theguardian.com,Genderqueer,57.195.196.221
254,Kinsley,Nethercott,knethercott71@symantec.com,Male,170.50.62.109
255,Lars,Quittonden,lquittonden72@cpanel.net,Bigender,5.141.0.246
256,Cyrille,Nairn,cnairn73@chron.com,Male,195.248.205.51
257,Heather,Haste,hhaste74@myspace.com,Female,100.199.101.135
258,Hakim,Faichnie,hfaichnie75@cbsnews.com,Male,190.67.32.111
259,Zsazsa,de Courcy,zdecourcy76@webs.com,Female,223.134.194.253
260,Theobald,Joslin,tjoslin77@youtu.be,Male,153.137.100.253
261,Netti,Piatto,npiatto78@youku.com,Female,128.185.125.57
262,Roldan,Twycross,rtwycross79@behance.net,Male,133.186.14.7
263,Berry,Vaune,bvaune7a@globo.com,Non-binary,118.134.188.151
264,Wilona,Rockwill,wrockwill7b@usda.gov,Female,113.20.133.43
265,Chris,Gladebeck,cgladebeck7c@cisco.com,Female,155.56.94.89
266,Townie,Cohan,tcohan7d@yelp.com,Male,152.216.214.63
267,Urbanus,McKeating,umckeating7e@naver.com,Agender,175.5.204.30
268,Herschel,Birden,hbirden7f@flickr.com,Male,187.193.0.114
269,Torrance,Trymme,ttrymme7g@illinois.edu,Male,151.58.77.19
270,Madelle,Armiger,marmiger7h@goo.ne.jp,Polygender,249.81.196.95
271,Clemente,Knudsen,cknudsen7i@vinaora.com,Bigender,87.174.252.200
272,Joaquin,Wentworth,jwentworth7j@businessweek.com,Male,188.138.75.22
273,Giusto,Scarrott,gscarrott7k@irs.gov,Male,41.229.249.30
274,Althea,Korpolak,akorpolak7l@latimes.com,Female,70.42.114.95
275,Farah,Venn,fvenn7m@studiopress.com,Female,222.138.228.238
276,Frederico,Dreng,fdreng7n@google.it,Male,91.91.219.208
277,Bryanty,Pleven,bpleven7o@google.com.br,Genderqueer,167.66.110.78
278,Shelby,Thorwarth,sthorwarth7p@trellian.com,Male,220.4.7.211
279,Aurea,Cramp,acramp7q@huffingtonpost.com,Female,34.65.240.151
280,Glynn,Sims,gsims7r@buzzfeed.com,Bigender,217.74.91.158
281,Hammad,Rennebach,hrennebach7s@thetimes.co.uk,Non-binary,176.180.211.119
282,Constance,Leek,cleek7t@google.it,Female,18.117.96.136
283,Farra,Dedden,fdedden7u@elpais.com,Non-binary,101.49.161.58
284,Rickert,Fantone,rfantone7v@example.com,Male,22.21.2.21
285,Carissa,Downton,cdownton7w@about.com,Bigender,190.75.168.67
286,Morrie,Ead,mead7x@devhub.com,Male,182.215.91.177
287,Tucker,Najera,tnajera7y@chronoengine.com,Male,129.7.1.72
288,Goldy,Estcot,gestcot7z@reference.com,Female,40.83.147.71
289,Lyman,McLachlan,lmclachlan80@people.com.cn,Male,117.197.153.55
290,Mehetabel,Tripe,mtripe81@home.pl,Female,62.191.163.254
291,Laina,Hendonson,lhendonson82@narod.ru,Female,69.17.252.237
292,Lotty,Rennicks,lrennicks83@squidoo.com,Female,2.134.53.43
293,Norina,Soonhouse,nsoonhouse84@smugmug.com,Female,201.113.228.168
294,Breanne,Brownstein,bbrownstein85@shop-pro.jp,Female,213.108.11.85
295,Selig,Longworthy,slongworthy86@alibaba.com,Male,176.208.181.3
296,Hattie,Pervew,hpervew87@weather.com,Female,98.146.172.47
297,Banky,Linneman,blinneman88@fema.gov,Male,140.135.110.188
298,Roosevelt,Baudacci,rbaudacci89@digg.com,Male,169.80.61.229
299,Eleanora,Thouless,ethouless8a@walmart.com,Female,177.97.55.240
300,Ilyssa,Mulheron,imulheron8b@twitpic.com,Female,133.250.102.3
301,Keely,Allberry,kallberry8c@paginegialle.it,Female,214.224.226.12
302,Bartholemy,Scoles,bscoles8d@usa.gov,Male,157.101.164.247
303,Ezequiel,Durran,edurran8e@gizmodo.com,Male,236.79.51.2
304,Henrietta,Bernaciak,hbernaciak8f@disqus.com,Female,78.27.140.215
305,Goldia,Beak,gbeak8g@naver.com,Female,213.72.123.246
306,Kristofor,Mabee,kmabee8h@tamu.edu,Male,1.228.244.9
307,Teodoor,Henden,thenden8i@hc360.com,Male,23.91.161.55
308,Ileane,O'Grada,iograda8j@photobucket.com,Female,251.229.121.232
309,Sammy,Meads,smeads8k@flickr.com,Female,201.198.129.156
310,Korie,Drayson,kdrayson8l@blogs.com,Female,55.75.94.94
311,Luce,Glazier,lglazier8m@unblog.fr,Female,117.0.214.90
312,Meaghan,Braz,mbraz8n@wsj.com,Polygender,40.48.98.40
313,Floria,Sey,fsey8o@gmpg.org,Female,133.173.95.91
314,Binny,Harberer,bharberer8p@walmart.com,Female,188.86.171.96
315,Lauren,Kretchmer,lkretchmer8q@ow.ly,Female,135.130.211.75
316,Von,Peinke,vpeinke8r@qq.com,Male,60.139.214.184
317,Jerrome,Antonognoli,jantonognoli8s@facebook.com,Male,23.46.122.145
318,Ranna,Fellgate,rfellgate8t@bloglovin.com,Female,136.102.208.177
319,Corabelle,Pedel,cpedel8u@accuweather.com,Female,226.24.172.195
320,Raoul,Woolvett,rwoolvett8v@storify.com,Male,116.49.142.151
321,Dasie,Baddam,dbaddam8w@rambler.ru,Female,255.128.234.222
322,Joleen,Bannon,jbannon8x@blog.com,Female,105.120.115.233
323,Wylma,Gregorace,wgregorace8y@moonfruit.com,Female,77.82.44.206
324,Kendra,Jiruca,kjiruca8z@sun.com,Female,12.227.81.214
325,Randi,Craister,rcraister90@nature.com,Female,232.195.125.211
326,Silvain,Sheen,ssheen91@toplist.cz,Male,195.119.159.68
327,Lira,Leney,lleney92@stumbleupon.com,Female,224.215.133.153
328,Reinaldo,Heaffey,rheaffey93@devhub.com,Male,132.103.246.146
329,Mersey,Annetts,mannetts94@51.la,Female,140.150.161.33
330,Caitlin,Entissle,centissle95@ow.ly,Female,89.29.17.112
331,Marti,Shacklady,mshacklady96@unc.edu,Female,165.195.121.210
332,Adriana,Sprosson,asprosson97@cbc.ca,Female,31.135.246.49
333,Michel,Acome,macome98@apache.org,Bigender,154.43.14.124
334,Griffy,Pandya,gpandya99@myspace.com,Agender,149.165.94.253
335,Cayla,Ashe,cashe9a@nifty.com,Female,114.17.186.108
336,Willette,Onions,wonions9b@unesco.org,Female,200.12.248.210
337,Leyla,Van den Broek,lvandenbroek9c@technorati.com,Female,11.150.26.131
338,Silvanus,Digle,sdigle9d@github.io,Polygender,224.248.249.253
339,Nicko,Hogben,nhogben9e@economist.com,Male,214.39.25.199
340,Wang,Vedyaev,wvedyaev9f@jiathis.com,Male,165.178.111.207
341,Oliy,Lucy,olucy9g@youtube.com,Female,19.60.131.131
342,Fidela,Crisford,fcrisford9h@dagondesign.com,Female,199.51.187.13
343,Allix,Sauvain,asauvain9i@cnn.com,Female,94.26.223.16
344,Tobin,Bustin,tbustin9j@google.com.br,Male,237.17.9.30
345,Barbabas,Sulman,bsulman9k@google.pl,Male,231.99.76.171
346,Ciro,Monkhouse,cmonkhouse9l@spotify.com,Male,77.37.25.126
347,Angelle,Feely,afeely9m@wikipedia.org,Female,24.146.77.66
348,Mellisent,Frost,mfrost9n@vkontakte.ru,Female,188.40.82.97
349,Brier,Slowly,bslowly9o@techcrunch.com,Female,136.125.55.193
350,Corena,Jellings,cjellings9p@abc.net.au,Female,7.140.198.93
351,Nanny,Schimaschke,nschimaschke9q@example.com,Female,205.34.153.164
352,Brunhilda,Kmiec,bkmiec9r@paginegialle.it,Female,134.198.130.143
353,Avery,Upcott,aupcott9s@github.com,Male,242.253.59.211
354,Vilhelmina,Van Giffen,vvangiffen9t@uol.com.br,Female,111.207.30.79
355,Esma,Gudgin,egudgin9u@facebook.com,Female,74.82.42.69
356,Roderigo,McCafferky,rmccafferky9v@epa.gov,Male,95.181.97.250
357,Lombard,Honywill,lhonywill9w@yale.edu,Male,92.3.142.155
358,Devin,Proschke,dproschke9x@patch.com,Genderfluid,171.134.75.198
359,Ario,Goodyer,agoodyer9y@meetup.com,Polygender,91.24.145.202
360,Niel,Albasini,nalbasini9z@elegantthemes.com,Male,20.133.173.37
361,Rhodie,Thoresby,rthoresbya0@apache.org,Female,47.40.126.30
362,Lezlie,Killough,lkillougha1@buzzfeed.com,Female,194.43.104.160
363,Irene,Marsham,imarshama2@usnews.com,Female,100.252.144.255
364,Gradey,Brogden,gbrogdena3@seattletimes.com,Male,200.158.201.34
365,Niki,Cutchee,ncutcheea4@naver.com,Female,182.203.84.18
366,Vanya,Capinetti,vcapinettia5@homestead.com,Male,127.202.70.18
367,Foss,Pomphrett,fpomphretta6@toplist.cz,Male,71.253.70.90
368,Nicky,Robertsson,nrobertssona7@state.gov,Male,12.180.222.221
369,Iggy,Josefsen,ijosefsena8@aol.com,Male,136.122.223.83
370,Ted,Greville,tgrevillea9@spiegel.de,Female,204.195.45.43
371,Isaac,Armfield,iarmfieldaa@naver.com,Agender,254.71.60.16
372,Bartolomeo,Galilee,bgalileeab@bloglines.com,Male,46.194.115.221
373,Betsy,Bartlomiej,bbartlomiejac@epa.gov,Female,13.24.25.65
374,Vivian,Mackiewicz,vmackiewiczad@loc.gov,Female,100.187.36.47
375,Vannie,Campbell,vcampbellae@earthlink.net,Female,154.102.123.40
376,Brenn,Maybury,bmayburyaf@patch.com,Female,25.150.67.12
377,Fidelio,Bastian,fbastianag@icio.us,Male,101.14.96.124
378,Devy,Lote,dloteah@shutterfly.com,Male,195.76.182.39
379,Tatiana,Leyton,tleytonai@virginia.edu,Female,231.244.138.196
380,Lawry,Lissandrini,llissandriniaj@cdc.gov,Male,246.6.7.176
381,Rockwell,Paquet,rpaquetak@gnu.org,Male,163.51.28.94
382,Alfons,Buttner,abuttneral@cnbc.com,Male,17.196.54.64
383,Sully,Ivanichev,sivanichevam@tuttocitta.it,Male,101.78.253.45
384,Trent,Dillimore,tdillimorean@blogspot.com,Male,228.165.39.102
385,Zachery,Cracknall,zcracknallao@boston.com,Male,127.17.151.80
386,Feodora,Veart,fveartap@indiatimes.com,Female,109.99.78.128
387,Marv,Brockhurst,mbrockhurstaq@feedburner.com,Male,236.202.157.200
388,Malcolm,Haylett,mhaylettar@globo.com,Male,62.86.194.112
389,Roanna,Limeburner,rlimeburneras@imdb.com,Female,250.38.24.191
390,Ancell,Jaulme,ajaulmeat@japanpost.jp,Male,227.252.145.219
391,Trumann,Donn,tdonnau@biglobe.ne.jp,Male,58.95.166.109
392,Tina,Tight,ttightav@shinystat.com,Female,229.72.65.194
393,Kali,Fisby,kfisbyaw@nasa.gov,Female,38.113.102.248
394,Venita,Lehrahan,vlehrahanax@trellian.com,Female,65.137.180.248
395,Hayden,Attlee,hattleeay@skype.com,Male,34.226.237.24
396,Misti,Maber,mmaberaz@vinaora.com,Female,102.136.120.239
397,Shayla,Buckleigh,sbuckleighb0@disqus.com,Female,151.239.200.192
398,Alissa,Bellord,abellordb1@amazonaws.com,Female,59.153.22.62
399,Ashlen,Streater,astreaterb2@netlog.com,Genderqueer,139.253.207.55
400,Arny,Annies,aanniesb3@ifeng.com,Male,95.171.30.101
401,Braden,Wooller,bwoollerb4@foxnews.com,Male,116.210.16.53
402,Kaleb,Starrs,kstarrsb5@com.com,Male,242.1.250.38
403,Nissie,Chipman,nchipmanb6@domainmarket.com,Female,231.198.118.223
404,Annamaria,Gellibrand,agellibrandb7@nytimes.com,Female,68.113.49.202
405,Janos,Every,jeveryb8@usa.gov,Male,142.186.62.68
406,Baudoin,Kinsman,bkinsmanb9@purevolume.com,Male,67.107.241.221
407,Bernie,Brick,bbrickba@wordpress.com,Male,21.185.189.241
408,Grantley,Elgar,gelgarbb@hibu.com,Male,197.42.119.56
409,Grayce,McTurley,gmcturleybc@w3.org,Female,253.125.139.76
410,Farlee,O'Brogane,fobroganebd@facebook.com,Male,83.175.237.219
411,Kali,Rootham,kroothambe@wired.com,Female,214.137.140.130
412,Kevon,Margram,kmargrambf@slashdot.org,Male,105.120.154.75
413,Mathe,Worge,mworgebg@bloglovin.com,Male,230.13.49.77
414,Aguie,Bluschke,abluschkebh@go.com,Male,196.249.99.147
415,Ingaborg,Gurley,igurleybi@pcworld.com,Bigender,147.112.244.81
416,Tersina,Redwood,tredwoodbj@gmpg.org,Female,120.26.225.93
417,Angeli,O'Neary,aonearybk@blogger.com,Male,121.64.110.248
418,Augustine,Duplain,aduplainbl@google.com.hk,Male,233.131.187.239
419,Hugh,Baseley,hbaseleybm@tinypic.com,Male,86.160.199.117
420,Urbano,Edser,uedserbn@discovery.com,Male,5.17.173.22
421,Pris,Taunton,ptauntonbo@loc.gov,Female,201.169.37.32
422,Bethany,Phebee,bphebeebp@about.me,Female,179.216.239.125
423,Vyky,Lydall,vlydallbq@chronoengine.com,Female,252.150.190.3
424,Ludovico,Burborough,lburboroughbr@wikia.com,Male,253.255.86.37
425,Burke,Maghull,bmaghullbs@dyndns.org,Male,85.98.94.115
426,Hephzibah,Kilmister,hkilmisterbt@europa.eu,Female,164.1.115.30
427,Tomkin,Kobiera,tkobierabu@comsenz.com,Male,23.219.67.250
428,Arda,Banger,abangerbv@51.la,Female,55.151.122.230
429,Nelli,Merrell,nmerrellbw@nyu.edu,Female,73.249.232.53
430,Micky,Edgell,medgellbx@buzzfeed.com,Female,114.242.227.255
431,Abe,Keggin,akegginby@cisco.com,Male,190.85.107.149
432,Trip,Lenton,tlentonbz@pcworld.com,Male,65.178.18.177
433,Berthe,Maunton,bmauntonc0@live.com,Female,139.217.91.199
434,Anastasia,Scothron,ascothronc1@cdbaby.com,Female,120.100.34.253
435,Creighton,Meere,cmeerec2@printfriendly.com,Male,67.210.109.60
436,Flory,Whiscard,fwhiscardc3@harvard.edu,Male,225.142.88.238
437,Lauretta,Foucar,lfoucarc4@yellowpages.com,Female,234.88.142.65
438,Eloisa,Shilstone,eshilstonec5@flickr.com,Female,238.200.64.20
439,Winfield,Ghilardi,wghilardic6@google.com,Male,97.72.215.254
440,Alyson,Raffan,araffanc7@topsy.com,Female,25.218.238.66
441,Carly,Clougher,cclougherc8@netscape.com,Male,25.107.20.24
442,Adrian,Carnoghan,acarnoghanc9@va.gov,Female,87.154.162.115
443,Freeland,Letertre,fletertreca@google.nl,Male,0.150.130.196
444,Adoree,L'argent,alargentcb@biglobe.ne.jp,Agender,180.248.172.186
445,Celesta,Dreher,cdrehercc@g.co,Female,67.94.117.48
446,Caprice,Evans,cevanscd@comcast.net,Female,119.172.87.216
447,Merrie,Weeke,mweekece@homestead.com,Female,124.25.92.54
448,Joshua,Sendley,jsendleycf@squidoo.com,Male,86.151.115.130
449,Georgette,Taylerson,gtaylersoncg@apple.com,Female,59.216.193.175
450,Hubert,Sego,hsegoch@google.com.au,Male,172.121.74.249
451,Danell,Maginot,dmaginotci@mayoclinic.com,Female,103.65.204.99
452,Rowan,Heddy,rheddycj@infoseek.co.jp,Male,15.241.148.40
453,Toinette,Justun,tjustunck@smugmug.com,Female,160.198.157.146
454,Hayyim,McAne,hmcanecl@vinaora.com,Male,93.55.194.16
455,Rabbi,Sircomb,rsircombcm@livejournal.com,Male,93.235.106.233
456,Kaitlynn,Yanyshev,kyanyshevcn@tamu.edu,Female,53.156.37.190
457,Elianora,Steinor,esteinorco@msu.edu,Female,135.212.231.151
458,Stanfield,Ellcock,sellcockcp@yellowbook.com,Male,250.189.160.107
459,Ruthie,Snowball,rsnowballcq@seattletimes.com,Female,105.181.246.246
460,Buffy,Picott,bpicottcr@oaic.gov.au,Female,125.149.16.109
461,Grover,Bloore,gbloorecs@ihg.com,Male,224.228.29.189
462,Delbert,Deeks,ddeeksct@mashable.com,Male,111.190.50.191
463,Lawton,Halkyard,lhalkyardcu@a8.net,Genderqueer,108.201.167.157
464,Cesar,Gossart,cgossartcv@blinklist.com,Male,173.205.171.99
465,Scarface,Smoote,ssmootecw@mlb.com,Male,184.211.149.124
466,Janella,Rowe,jrowecx@intel.com,Female,43.134.178.175
467,Buddy,Liggins,bligginscy@acquirethisname.com,Male,17.225.22.49
468,Nicolais,Patterson,npattersoncz@washingtonpost.com,Male,163.10.48.216
469,Karlie,Eite,keited0@vimeo.com,Female,248.31.116.129
470,Almeta,Telezhkin,atelezhkind1@1und1.de,Female,19.74.36.49
471,Mirelle,Titmuss,mtitmussd2@craigslist.org,Female,24.5.245.24
472,Virgie,Crookshanks,vcrookshanksd3@washington.edu,Female,77.1.106.232
473,Nichole,Broadbear,nbroadbeard4@sourceforge.net,Male,249.131.221.82
474,Brice,Zanre,bzanred5@cornell.edu,Male,91.27.27.206
475,Milka,Daveran,mdaverand6@reuters.com,Non-binary,142.145.70.213
476,Gianni,Danforth,gdanforthd7@go.com,Male,116.254.154.108
477,Traver,Lyddiard,tlyddiardd8@live.com,Polygender,235.178.184.108
478,Silvain,Cicchinelli,scicchinellid9@chronoengine.com,Male,96.103.118.106
479,Hoyt,St Ledger,hstledgerda@statcounter.com,Male,208.196.144.147
480,Wanids,Pechell,wpechelldb@csmonitor.com,Female,254.86.217.62
481,Benedetta,Salzberg,bsalzbergdc@ed.gov,Female,14.80.242.194
482,Jenelle,Sabbin,jsabbindd@npr.org,Female,47.120.57.177
483,Orelie,Culy,oculyde@163.com,Polygender,125.112.140.26
484,Daryl,Cripin,dcripindf@icio.us,Male,201.251.176.188
485,Zonda,Canfer,zcanferdg@umn.edu,Female,123.144.50.60
486,Kirsti,Shirt,kshirtdh@xinhuanet.com,Female,182.236.154.241
487,Shaine,Farenden,sfarendendi@rambler.ru,Male,26.95.207.12
488,Glenn,Wederell,gwederelldj@reference.com,Male,36.97.100.88
489,Clerkclaude,Benedick,cbenedickdk@spotify.com,Male,229.143.253.46
490,Tirrell,Seatter,tseatterdl@gnu.org,Male,75.148.182.9
491,Moishe,Spurdens,mspurdensdm@youku.com,Male,109.159.41.106
492,Frans,Garza,fgarzadn@flavors.me,Male,28.98.174.86
493,Gage,Somerbell,gsomerbelldo@e-recht24.de,Male,229.244.117.239
494,Doe,De Gregoli,ddegregolidp@abc.net.au,Female,195.50.181.183
495,Brit,Neathway,bneathwaydq@bizjournals.com,Female,116.63.121.113
496,Boycey,Phlipon,bphlipondr@dell.com,Male,87.121.68.235
497,Doralyn,Itzcovichch,ditzcovichchds@berkeley.edu,Female,73.215.117.1
498,Agna,Trodd,atrodddt@plala.or.jp,Female,255.235.243.108
499,Aubrey,McMahon,amcmahondu@cloudflare.com,Genderqueer,21.76.29.139
500,Hewitt,Kidstoun,hkidstoundv@infoseek.co.jp,Male,17.47.106.179
501,Farley,Djekovic,fdjekovicdw@php.net,Male,141.93.254.163
502,Darnell,Buxey,dbuxeydx@last.fm,Male,228.122.130.22
503,Halsey,Spaight,hspaightdy@wp.com,Male,124.92.176.52
504,Blair,Stubbings,bstubbingsdz@ucoz.com,Female,24.105.80.149
505,Annemarie,Angel,aangele0@businessweek.com,Female,171.23.100.194
506,Corny,D'Antuoni,cdantuonie1@liveinternet.ru,Female,139.83.176.27
507,Meade,Teaser,mteasere2@mediafire.com,Female,230.86.83.57
508,Haydon,Rutherfoord,hrutherfoorde3@harvard.edu,Male,111.33.138.188
509,Ernest,Sandcroft,esandcrofte4@behance.net,Male,150.71.31.119
510,Evanne,Brech,ebreche5@dagondesign.com,Female,86.229.168.238
511,Alleyn,De Bell,adebelle6@yahoo.com,Male,208.121.170.152
512,Dorey,Yegorkov,dyegorkove7@deviantart.com,Male,19.190.221.202
513,Free,Artindale,fartindalee8@is.gd,Male,57.163.129.106
514,Patrick,Ladloe,pladloee9@usatoday.com,Male,168.202.212.197
515,Abbey,Vost,avostea@livejournal.com,Male,53.55.201.43
516,Paquito,Goldman,pgoldmaneb@admin.ch,Male,142.23.56.44
517,Bettine,Peploe,bpeploeec@lulu.com,Female,221.46.115.136
518,Kayle,Scawn,kscawned@1und1.de,Female,72.246.12.202
519,Berthe,Ceaser,bceaseree@walmart.com,Female,16.16.79.141
520,Germana,Sidnall,gsidnallef@ox.ac.uk,Female,80.165.191.241
521,Neddy,Feronet,nferoneteg@youku.com,Male,205.9.105.39
522,Franciskus,Castro,fcastroeh@reference.com,Bigender,80.187.148.154
523,Devin,Farrimond,dfarrimondei@parallels.com,Male,171.119.20.129
524,Horace,Kearey,hkeareyej@mysql.com,Male,91.25.102.37
525,Shay,Tebbe,stebbeek@gizmodo.com,Male,103.235.232.14
526,Boniface,Bendall,bbendallel@goo.gl,Male,89.7.208.158
527,Charlton,Charette,ccharetteem@simplemachines.org,Polygender,228.204.61.205
528,Risa,Khrishtafovich,rkhrishtafovichen@oracle.com,Female,235.188.12.81
529,Cart,Ariss,carisseo@ibm.com,Male,217.3.110.151
530,Cyrus,Jime,cjimeep@ustream.tv,Male,70.88.1.35
531,Leda,Kertess,lkertesseq@ibm.com,Female,36.102.76.230
532,Hadlee,Napper,hnapperer@diigo.com,Male,255.242.249.29
533,Loralee,Swatridge,lswatridgees@edublogs.org,Female,126.124.243.183
534,Malorie,Dohrmann,mdohrmannet@bbc.co.uk,Female,209.51.76.136
535,Debera,Carbonell,dcarbonelleu@networksolutions.com,Female,198.48.188.76
536,Christal,Quadrio,cquadrioev@etsy.com,Female,40.188.133.20
537,Virginia,Rabley,vrableyew@twitter.com,Female,132.150.90.10
538,Evelyn,Cowpe,ecowpeex@kickstarter.com,Female,7.128.91.120
539,Marty,Hannam,mhannamey@google.es,Female,139.181.140.221
540,Hercule,Wilds,hwildsez@friendfeed.com,Male,185.7.172.18
541,Jere,Chapelhow,jchapelhowf0@discuz.net,Female,117.101.32.85
542,Bridgette,McRitchie,bmcritchief1@yahoo.co.jp,Female,233.220.240.46
543,Oran,Rutledge,orutledgef2@multiply.com,Male,232.197.253.229
544,Norton,Petroff,npetrofff3@homestead.com,Male,87.246.215.165
545,Agna,Clawe,aclawef4@surveymonkey.com,Female,180.147.159.147
546,Inigo,Gebuhr,igebuhrf5@discovery.com,Genderqueer,129.226.134.196
547,Avram,Eat,aeatf6@guardian.co.uk,Male,175.151.144.52
548,Gage,Schlagman,gschlagmanf7@typepad.com,Male,176.33.231.204
549,Jonathan,Hammerstone,jhammerstonef8@studiopress.com,Male,160.46.101.109
550,Rancell,Greguoli,rgreguolif9@princeton.edu,Male,65.85.53.102
551,Jaclin,Cartin,jcartinfa@businesswire.com,Female,110.84.155.90
552,Nickie,Sussex,nsussexfb@altervista.org,Female,209.89.168.12
553,Abbot,Kenaway,akenawayfc@gmpg.org,Male,60.219.115.213
554,Jacobo,Blakeman,jblakemanfd@senate.gov,Male,6.44.128.16
555,Eva,Garrat,egarratfe@woothemes.com,Female,236.66.158.73
556,Frederigo,Episcopi,fepiscopiff@e-recht24.de,Male,224.37.39.83
557,Tate,Henrot,thenrotfg@sbwire.com,Agender,101.37.133.201
558,Claribel,Hay,chayfh@moonfruit.com,Female,33.238.168.143
559,Ailee,Gall,agallfi@fema.gov,Female,86.9.190.139
560,Kayley,Sherrington,ksherringtonfj@hp.com,Female,62.179.127.140
561,Trude,Castellino,tcastellinofk@auda.org.au,Female,9.103.231.77
562,Amalita,Standall,astandallfl@cbc.ca,Female,232.224.206.167
563,Shell,Concannon,sconcannonfm@surveymonkey.com,Male,95.37.230.209
564,Twyla,McTrustam,tmctrustamfn@flavors.me,Female,234.182.30.9
565,Riobard,Dewdeny,rdewdenyfo@creativecommons.org,Bigender,85.133.186.184
566,Valery,Dronsfield,vdronsfieldfp@ask.com,Female,165.194.102.135
567,Kristopher,Aldren,kaldrenfq@fotki.com,Agender,126.122.242.149
568,Carmelita,Airlie,cairliefr@bbb.org,Agender,77.159.129.44
569,Isadore,Scarasbrick,iscarasbrickfs@webnode.com,Male,101.193.97.224
570,Romola,Standeven,rstandevenft@thetimes.co.uk,Agender,136.53.230.11
571,Gerta,Waymont,gwaymontfu@symantec.com,Female,179.188.255.241
572,Nata,Fishe,nfishefv@blogs.com,Female,181.70.192.200
573,Drucill,O'Cannovane,docannovanefw@sogou.com,Female,91.57.156.90
574,Fernandina,Bottinelli,fbottinellifx@fda.gov,Female,73.240.208.139
575,Harriott,Skewes,hskewesfy@smugmug.com,Female,221.166.219.201
576,Rosa,Spurdon,rspurdonfz@icio.us,Female,173.32.246.205
577,Emlyn,Belasco,ebelascog0@oakley.com,Male,169.213.177.107
578,Naomi,Silversmid,nsilversmidg1@opera.com,Female,190.205.136.210
579,Archie,Gook,agookg2@jugem.jp,Male,250.139.158.54
580,Tori,Guswell,tguswellg3@narod.ru,Female,143.36.103.241
581,Smitty,Betts,sbettsg4@de.vu,Male,125.131.233.211
582,Ellwood,Tollerton,etollertong5@hatena.ne.jp,Male,49.23.199.209
583,Penrod,Shinner,pshinnerg6@umich.edu,Agender,245.27.253.223
584,Essy,Guidi,eguidig7@smugmug.com,Genderfluid,201.223.141.128
585,Christie,Ivantyev,civantyevg8@jimdo.com,Female,187.3.173.18
586,Somerset,Sayes,ssayesg9@miitbeian.gov.cn,Male,202.34.245.61
587,Carole,Insull,cinsullga@uiuc.edu,Female,133.126.80.23
588,Eugene,Gillespey,egillespeygb@reuters.com,Male,54.245.89.87
589,Nanette,Zamboniari,nzamboniarigc@comsenz.com,Female,207.130.92.160
590,Connor,Pride,cpridegd@yellowpages.com,Male,175.213.132.22
591,Vittorio,Cocking,vcockingge@cyberchimps.com,Male,214.169.14.109
592,Orville,MacLleese,omaclleesegf@taobao.com,Male,37.228.60.189
593,Darbee,Grimsdike,dgrimsdikegg@webnode.com,Male,14.89.99.161
594,Stillmann,Crookall,scrookallgh@people.com.cn,Genderqueer,164.181.128.202
595,Charity,Talby,ctalbygi@soup.io,Female,206.221.138.231
596,Thorsten,Aylin,taylingj@storify.com,Male,221.108.12.3
597,Carlye,Beveredge,cbeveredgegk@booking.com,Female,209.20.64.193
598,Olav,Rowcliffe,orowcliffegl@engadget.com,Male,180.222.213.105
599,Frants,Rangle,franglegm@yellowbook.com,Male,83.161.72.13
600,Ruby,Khomin,rkhomingn@jiathis.com,Male,236.160.250.26
601,Welch,Curnnokk,wcurnnokkgo@posterous.com,Male,8.102.136.44
602,Georgetta,Berntssen,gberntssengp@tiny.cc,Female,115.195.219.24
603,Janella,Albon,jalbongq@networksolutions.com,Female,7.129.160.81
604,Adey,Yarham,ayarhamgr@g.co,Female,212.229.93.163
605,Toddie,Klimpke,tklimpkegs@cnet.com,Male,240.5.219.170
606,Johanna,Haythorn,jhaythorngt@businessinsider.com,Female,219.179.1.181
607,Diego,Niemiec,dniemiecgu@cdc.gov,Male,212.254.152.105
608,Jessee,Riggs,jriggsgv@va.gov,Male,107.249.222.140
609,Gaspard,Pidgin,gpidgingw@unesco.org,Male,174.140.38.202
610,Sella,Kinforth,skinforthgx@infoseek.co.jp,Female,63.156.87.50
611,Fara,Broke,fbrokegy@g.co,Female,145.157.97.50
612,Hersch,Sargent,hsargentgz@geocities.jp,Male,173.194.31.123
613,Teresa,Blaine,tblaineh0@ft.com,Female,158.127.132.92
614,Urbanus,Bothams,ubothamsh1@vk.com,Male,154.189.210.191
615,Dennis,Tallach,dtallachh2@angelfire.com,Male,34.142.48.191
616,Evered,Abbitt,eabbitth3@japanpost.jp,Male,68.145.111.91
617,Angelico,Tabary,atabaryh4@latimes.com,Male,128.53.116.53
618,Dolf,Farfolomeev,dfarfolomeevh5@ftc.gov,Male,13.182.106.110
619,Si,Alliot,sallioth6@usda.gov,Male,24.248.55.147
620,Renee,Edmons,redmonsh7@bing.com,Female,12.36.192.159
621,Reece,Leil,rleilh8@lulu.com,Male,62.235.205.221
622,Maddie,Easton,meastonh9@bing.com,Female,191.68.23.129
623,Anet,Carlson,acarlsonha@bravesites.com,Female,175.91.118.244
624,Carey,Pauleau,cpauleauhb@telegraph.co.uk,Female,189.34.34.117
625,Patrice,Galpen,pgalpenhc@tripadvisor.com,Female,131.136.239.163
626,Farley,Tumielli,ftumiellihd@myspace.com,Male,98.126.1.58
627,Coraline,Northen,cnorthenhe@guardian.co.uk,Female,225.14.10.2
628,Rolf,Petrillo,rpetrillohf@usnews.com,Male,120.19.1.174
629,Maximilian,Boswood,mboswoodhg@barnesandnoble.com,Male,131.77.131.199
630,Quinta,Hutchison,qhutchisonhh@oaic.gov.au,Female,44.223.88.94
631,Gianna,Emmens,gemmenshi@shareasale.com,Female,131.234.194.159
632,Xever,Strahan,xstrahanhj@microsoft.com,Male,65.52.101.232
633,Ruthie,Baverstock,rbaverstockhk@yelp.com,Female,203.42.232.239
634,Gavrielle,Colliar,gcolliarhl@washington.edu,Bigender,35.234.135.220
635,Maribelle,Blatherwick,mblatherwickhm@lulu.com,Female,3.132.42.35
636,Dee dee,Tadgell,dtadgellhn@harvard.edu,Polygender,163.139.216.44
637,Daune,Swanton,dswantonho@etsy.com,Female,89.178.168.48
638,Missy,Hamlen,mhamlenhp@sourceforge.net,Non-binary,126.209.128.49
639,Zahara,Devaney,zdevaneyhq@dedecms.com,Female,148.4.216.157
640,Reta,Thacker,rthackerhr@washingtonpost.com,Female,167.242.104.246
641,Miner,Shevill,mshevillhs@last.fm,Male,24.244.148.59
642,Rubina,Thaine,rthaineht@samsung.com,Female,106.80.93.143
643,Florida,Davies,fdavieshu@google.com,Female,113.95.113.172
644,Monroe,Stobart,mstobarthv@mysql.com,Male,129.5.191.209
645,Constanta,Dreakin,cdreakinhw@live.com,Female,170.97.138.64
646,Fidela,Marvell,fmarvellhx@google.cn,Female,215.99.40.122
647,Margret,Akeherst,makehersthy@tripod.com,Genderfluid,215.55.247.62
648,Donna,Sambals,dsambalshz@cpanel.net,Female,129.50.32.124
649,Andy,Vanyatin,avanyatini0@ucoz.ru,Male,178.203.26.135
650,Hynda,Rushton,hrushtoni1@boston.com,Female,5.29.223.16
651,Salim,Ribou,sriboui2@rediff.com,Genderqueer,222.144.253.181
652,Tristam,Sapir,tsapiri3@timesonline.co.uk,Male,227.97.97.9
653,Ryley,Gindghill,rgindghilli4@flavors.me,Male,131.151.32.198
654,Eleanore,Halsall,ehalsalli5@flickr.com,Female,88.242.154.171
655,Juanita,Davis,jdavisi6@tinyurl.com,Female,29.140.201.181
656,Davey,Wrenn,dwrenni7@indiatimes.com,Male,203.107.218.109
657,Jeremy,Antonignetti,jantonignettii8@sogou.com,Male,90.132.79.245
658,Pearce,Livingston,plivingstoni9@imgur.com,Male,150.0.225.58
659,Alisa,Gwatkin,agwatkinia@pen.io,Female,214.200.47.157
660,Ken,Simkiss,ksimkissib@indiatimes.com,Male,177.87.190.179
661,Thatcher,McCrachen,tmccrachenic@hud.gov,Male,95.84.128.45
662,Clayborn,Eisenberg,ceisenbergid@usda.gov,Male,242.24.145.24
663,Darb,Dillet,ddilletie@theatlantic.com,Female,255.6.113.207
664,Annnora,Buscombe,abuscombeif@blog.com,Female,141.60.12.170
665,Shanna,Clemmensen,sclemmensenig@bigcartel.com,Female,233.60.94.206
666,Forester,Sabey,fsabeyih@apple.com,Male,145.34.49.165
667,Olivero,Skillington,oskillingtonii@linkedin.com,Male,118.208.243.23
668,Adella,Waite,awaiteij@aol.com,Female,163.14.68.115
669,Isadora,McGeechan,imcgeechanik@berkeley.edu,Female,39.73.137.61
670,Concettina,Sach,csachil@usa.gov,Female,62.123.158.65
671,Theobald,Leal,tlealim@typepad.com,Male,168.192.213.141
672,Chandler,Humber,chumberin@yahoo.com,Male,91.235.194.124
673,Quinn,Impson,qimpsonio@umn.edu,Male,39.45.19.172
674,Janos,Booler,jboolerip@moonfruit.com,Male,133.46.167.240
675,Vonny,Plumstead,vplumsteadiq@vkontakte.ru,Female,2.94.148.118
676,Meredith,Yeats,myeatsir@techcrunch.com,Female,59.255.248.155
677,Kath,Trundler,ktrundleris@ca.gov,Female,142.228.218.59
678,Sheila-kathryn,Cathenod,scathenodit@posterous.com,Female,178.147.100.197
679,Bobbee,Eilhermann,beilhermanniu@huffingtonpost.com,Female,59.33.2.156
680,Jerrome,Brear,jbreariv@ihg.com,Male,100.207.84.236
681,Editha,Tyer,etyeriw@fda.gov,Female,206.16.205.47
682,Conroy,Barthorpe,cbarthorpeix@e-recht24.de,Male,236.108.15.169
683,Batsheva,Remon,bremoniy@netvibes.com,Female,100.219.127.105
684,Alec,Biaggelli,abiaggelliiz@salon.com,Male,128.72.134.37
685,Augustine,Abatelli,aabatellij0@hhs.gov,Female,41.241.37.217
686,Maureene,Sutliff,msutliffj1@tamu.edu,Bigender,6.247.233.145
687,Tiebold,Giorgini,tgiorginij2@mayoclinic.com,Male,203.212.93.166
688,Lucie,Levison,llevisonj3@archive.org,Female,237.56.160.33
689,Wyndham,Cogin,wcoginj4@nba.com,Male,49.117.81.59
690,Ricardo,Cobbled,rcobbledj5@xinhuanet.com,Male,28.203.62.149
691,Alanson,Beechcraft,abeechcraftj6@redcross.org,Male,12.58.152.249
692,Adiana,Oliveto,aolivetoj7@slashdot.org,Female,80.122.227.207
693,Gal,Camacke,gcamackej8@elpais.com,Male,151.15.208.166
694,Sashenka,Kaines,skainesj9@vkontakte.ru,Female,88.101.3.54
695,Brenna,Iban,bibanja@miitbeian.gov.cn,Female,200.11.179.217
696,Whitman,Batson,wbatsonjb@xing.com,Male,22.4.247.16
697,Frayda,Burgyn,fburgynjc@fastcompany.com,Polygender,71.249.126.163
698,Joelynn,Piscotti,jpiscottijd@fastcompany.com,Female,50.158.182.145
699,Ford,Joist,fjoistje@amazon.co.uk,Male,238.142.103.235
700,Koo,Reddan,kreddanjf@sogou.com,Female,106.28.57.59
701,Janene,Reiner,jreinerjg@netlog.com,Female,176.55.1.156
702,Hersch,Dennison,hdennisonjh@lycos.com,Male,186.127.113.29
703,Cassondra,Grigoli,cgrigoliji@sakura.ne.jp,Female,34.72.44.122
704,Norry,Picot,npicotjj@liveinternet.ru,Male,169.96.44.231
705,Kathryn,Garnham,kgarnhamjk@microsoft.com,Female,59.51.125.240
706,Rusty,Bilton,rbiltonjl@chron.com,Male,173.202.74.175
707,Gertruda,Elloy,gelloyjm@amazon.de,Female,175.225.60.29
708,Hershel,Pilsbury,hpilsburyjn@intel.com,Male,116.166.46.151
709,Jess,Bowbrick,jbowbrickjo@addtoany.com,Male,195.222.223.246
710,Pauly,Yemm,pyemmjp@cnn.com,Male,32.175.39.95
711,Rochester,Hyrons,rhyronsjq@google.pl,Male,124.207.170.222
712,Parke,Tanzer,ptanzerjr@loc.gov,Male,70.171.82.104
713,Stesha,Robjohns,srobjohnsjs@buzzfeed.com,Female,37.31.103.125
714,Carlos,Lucock,clucockjt@shareasale.com,Male,40.40.139.0
715,Fulton,Dawley,fdawleyju@opera.com,Male,81.117.13.224
716,Adamo,Gunby,agunbyjv@blogs.com,Male,162.221.53.207
717,Alexis,Hubbuck,ahubbuckjw@nyu.edu,Female,55.208.106.88
718,Wash,Gainsford,wgainsfordjx@bing.com,Male,82.134.157.5
719,Granny,Doerren,gdoerrenjy@delicious.com,Male,108.101.9.152
720,Rayna,Patterson,rpattersonjz@plala.or.jp,Female,97.199.58.128
721,Brantley,Prati,bpratik0@cornell.edu,Male,210.188.151.54
722,Orazio,Lavalde,olavaldek1@people.com.cn,Genderfluid,8.12.112.21
723,Andy,Newlove,anewlovek2@yolasite.com,Male,244.64.168.164
724,Giacopo,Ranson,gransonk3@deviantart.com,Male,243.107.161.209
725,Brandon,Magnar,bmagnark4@bizjournals.com,Male,154.173.178.59
726,Poul,Sotworth,psotworthk5@go.com,Male,54.6.192.188
727,Cam,Ripping,crippingk6@themeforest.net,Female,129.96.190.27
728,Pancho,Gidden,pgiddenk7@mtv.com,Male,8.65.98.252
729,Francois,Shellum,fshellumk8@census.gov,Male,127.249.74.54
730,Tori,Celier,tcelierk9@sciencedirect.com,Female,219.237.233.135
731,Ronica,Snewin,rsnewinka@artisteer.com,Female,252.191.220.222
732,Ilario,Colthurst,icolthurstkb@liveinternet.ru,Male,108.144.19.172
733,Haily,Dowson,hdowsonkc@com.com,Male,194.146.135.14
734,Warden,Paule,wpaulekd@mail.ru,Male,161.65.67.25
735,Hilarius,Pigdon,hpigdonke@nba.com,Male,73.163.185.168
736,Reinald,Rockey,rrockeykf@nymag.com,Male,185.114.174.12
737,Byram,Fidelus,bfideluskg@canalblog.com,Agender,19.191.154.134
738,Jedd,Killigrew,jkilligrewkh@sciencedaily.com,Male,31.10.21.200
739,Bobbie,McCluney,bmccluneyki@squarespace.com,Male,129.36.58.242
740,Olive,Trevers,otreverskj@tmall.com,Female,169.231.22.72
741,Vyky,Sutcliff,vsutcliffkk@wufoo.com,Female,2.140.93.159
742,Etty,Greeve,egreevekl@bravesites.com,Female,164.183.111.177
743,Carmela,Lorman,clormankm@lycos.com,Female,28.39.148.238
744,Fletcher,Cumbers,fcumberskn@biblegateway.com,Male,13.23.114.193
745,Leila,Burry,lburryko@histats.com,Female,131.188.28.164
746,Fara,Simo,fsimokp@edublogs.org,Female,78.53.205.100
747,Arluene,Chanson,achansonkq@tinyurl.com,Female,175.171.126.26
748,Britney,Minton,bmintonkr@elegantthemes.com,Female,95.210.66.102
749,Dimitry,Purvey,dpurveyks@deliciousdays.com,Male,157.219.52.195
750,Ruddy,Houlahan,rhoulahankt@omniture.com,Male,255.91.200.112
751,Heinrick,Tye,htyeku@sbwire.com,Male,65.36.92.70
752,Sherlock,Davidsohn,sdavidsohnkv@constantcontact.com,Male,42.5.233.218
753,Nolan,Weathers,nweatherskw@gov.uk,Male,143.106.47.117
754,Ina,Brash,ibrashkx@hc360.com,Female,178.229.116.161
755,Corrie,Rigolle,crigolleky@toplist.cz,Female,131.240.116.93
756,Shel,Chalmers,schalmerskz@sourceforge.net,Female,53.42.253.218
757,Barthel,Torr,btorrl0@google.com.br,Male,95.161.213.9
758,Staford,Cristofaro,scristofarol1@howstuffworks.com,Male,18.101.27.19
759,Oliy,Seldner,oseldnerl2@apple.com,Female,235.127.178.61
760,Frayda,Keuning,fkeuningl3@tinyurl.com,Female,230.23.239.248
761,Hamnet,Brazener,hbrazenerl4@tinypic.com,Non-binary,28.221.140.159
762,Vasili,Jiruca,vjirucal5@digg.com,Male,154.188.135.197
763,Buck,Climson,bclimsonl6@weather.com,Male,204.196.255.142
764,Ruby,Edworthy,redworthyl7@soup.io,Female,190.5.35.71
765,Joelly,Dahlborg,jdahlborgl8@list-manage.com,Female,208.137.46.67
766,Judas,Wyeld,jwyeldl9@home.pl,Male,95.87.76.43
767,Yoshiko,Pape,ypapela@europa.eu,Female,32.99.47.239
768,Kipp,Severns,ksevernslb@bandcamp.com,Male,186.53.8.22
769,Elden,Wilbor,ewilborlc@bloglines.com,Male,96.179.202.57
770,Evangelina,Dalinder,edalinderld@opera.com,Female,232.6.161.143
771,Berty,Ingarfield,bingarfieldle@elegantthemes.com,Male,148.71.175.9
772,Eric,Edgler,eedglerlf@cocolog-nifty.com,Male,175.172.231.44
773,Christoper,Millington,cmillingtonlg@youtu.be,Male,25.41.2.201
774,Trstram,Oxteby,toxtebylh@apple.com,Male,253.130.104.243
775,Montgomery,Terbeck,mterbeckli@state.tx.us,Male,132.200.134.162
776,Carver,Angus,canguslj@edublogs.org,Male,163.109.222.9
777,Fanchon,Le Grice,flegricelk@addthis.com,Non-binary,17.10.136.249
778,Cyrill,Hockell,chockellll@dmoz.org,Male,196.43.55.80
779,Tommi,Alford,talfordlm@mac.com,Female,151.106.59.240
780,Gordon,McKeeman,gmckeemanln@fema.gov,Male,142.72.156.70
781,Terrell,Vivers,tviverslo@prnewswire.com,Male,185.6.119.184
782,Aleda,Struijs,astruijslp@ycombinator.com,Female,224.6.231.58
783,Guss,Laybourn,glaybournlq@bravesites.com,Male,177.16.160.78
784,Ilse,Pettigree,ipettigreelr@youtube.com,Female,181.250.207.97
785,Essa,Duval,eduvalls@ox.ac.uk,Female,247.205.69.179
786,Bari,De Gouy,bdegouylt@weibo.com,Bigender,127.173.133.140
787,Linda,Coalbran,lcoalbranlu@squidoo.com,Female,172.118.185.131
788,Rutledge,Greenman,rgreenmanlv@sina.com.cn,Male,105.117.50.190
789,Martguerita,Pilbury,mpilburylw@army.mil,Female,85.210.215.86
790,Augustine,Pawlicki,apawlickilx@kickstarter.com,Male,173.97.18.62
791,Puff,Camsey,pcamseyly@google.de,Male,95.68.177.41
792,Dixie,Atty,dattylz@intel.com,Female,197.75.92.8
793,Tatiana,Backhurst,tbackhurstm0@usda.gov,Female,246.73.218.190
794,Jaymie,Guinane,jguinanem1@ed.gov,Male,198.62.244.226
795,Shanda,Alesin,salesinm2@edublogs.org,Female,14.241.24.220
796,Annadiane,Jerosch,ajeroschm3@tmall.com,Female,123.83.61.37
797,Felecia,Spalding,fspaldingm4@csmonitor.com,Female,7.97.80.192
798,Wadsworth,Foro,wforom5@exblog.jp,Genderqueer,170.10.83.173
799,Yehudit,Oddey,yoddeym6@hibu.com,Male,255.99.178.91
800,Orelie,Pouck,opouckm7@soup.io,Female,45.67.254.21
801,Lewes,Alten,laltenm8@umich.edu,Male,70.186.26.195
802,Diarmid,Maulden,dmauldenm9@cbsnews.com,Male,192.158.65.22
803,Ninetta,Hackett,nhackettma@discovery.com,Female,174.164.116.119
804,Linoel,Romney,lromneymb@utexas.edu,Male,7.72.53.49
805,Ilise,Wedderburn,iwedderburnmc@umich.edu,Female,45.164.135.84
806,Darice,Barrass,dbarrassmd@ameblo.jp,Agender,230.250.190.32
807,Barty,Antoons,bantoonsme@cpanel.net,Male,130.131.221.222
808,Earle,Ruthven,eruthvenmf@moonfruit.com,Male,129.197.82.166
809,Charmane,Tours,ctoursmg@amazon.co.jp,Female,185.47.128.23
810,Martelle,Croucher,mcrouchermh@psu.edu,Female,57.163.77.234
811,Willis,Skokoe,wskokoemi@nih.gov,Male,220.158.181.113
812,Murry,Yukhin,myukhinmj@liveinternet.ru,Male,206.220.45.175
813,Bernetta,Muccino,bmuccinomk@soup.io,Female,65.31.238.119
814,Leontyne,O'Fihily,lofihilyml@photobucket.com,Female,39.193.141.198
815,Joline,Cassimer,jcassimermm@cafepress.com,Non-binary,35.115.7.64
816,Clemmie,Itzkowicz,citzkowiczmn@wix.com,Female,196.98.177.45
817,Yardley,Moen,ymoenmo@un.org,Male,5.234.43.86
818,Ashlee,Cootes,acootesmp@moonfruit.com,Female,163.66.140.29
819,Whittaker,Machel,wmachelmq@mozilla.com,Male,65.86.61.107
820,Kearney,Gethyn,kgethynmr@columbia.edu,Male,122.250.192.64
821,Delores,Elsie,delsiems@zimbio.com,Genderfluid,125.54.171.62
822,Gaelan,Klicher,gklichermt@who.int,Male,51.249.60.225
823,Gabi,Parlatt,gparlattmu@jimdo.com,Male,153.222.201.250
824,Stafford,MacNeilly,smacneillymv@bloglines.com,Male,114.196.190.205
825,Kip,Jepensen,kjepensenmw@merriam-webster.com,Male,207.212.178.176
826,Vyky,Trevascus,vtrevascusmx@globo.com,Female,174.186.255.102
827,Toddy,Gathercole,tgathercolemy@deviantart.com,Male,255.33.107.19
828,Keen,Dovinson,kdovinsonmz@ucoz.ru,Male,181.252.134.81
829,Brennan,Voase,bvoasen0@microsoft.com,Male,10.145.34.79
830,Obidiah,Crowcher,ocrowchern1@pcworld.com,Male,76.28.72.10
831,Nelly,Haylands,nhaylandsn2@sciencedirect.com,Bigender,219.60.96.135
832,Averil,Giriardelli,agiriardellin3@cbsnews.com,Male,156.156.238.230
833,Pris,Rosenstock,prosenstockn4@yellowbook.com,Female,235.181.204.145
834,Gram,Robertet,grobertetn5@odnoklassniki.ru,Male,186.146.63.86
835,Aeriell,Derrington,aderringtonn6@nydailynews.com,Female,94.169.121.176
836,Merilyn,Unwin,munwinn7@who.int,Female,193.229.238.105
837,Eydie,Clavey,eclaveyn8@pagesperso-orange.fr,Female,228.52.126.189
838,Hana,Shemmans,hshemmansn9@taobao.com,Bigender,20.219.176.227
839,Addy,Worstall,aworstallna@4shared.com,Female,71.214.253.74
840,Pammi,Steutly,psteutlynb@cdc.gov,Female,207.180.218.158
841,Sabra,Binny,sbinnync@examiner.com,Female,15.249.36.220
842,Boy,Aleshkov,baleshkovnd@unesco.org,Male,94.149.7.37
843,Shaun,Giovanazzi,sgiovanazzine@booking.com,Male,92.25.100.253
844,Janeva,Hallt,jhalltnf@senate.gov,Female,114.93.136.242
845,Meaghan,Climance,mclimanceng@networksolutions.com,Female,102.133.18.49
846,Vida,Fraczak,vfraczaknh@ustream.tv,Genderqueer,23.77.104.167
847,Nelle,Pflieger,npfliegerni@multiply.com,Female,179.95.199.125
848,Adena,Izachik,aizachiknj@mac.com,Female,48.108.201.173
849,Austine,Niaves,aniavesnk@europa.eu,Female,192.151.213.173
850,Arturo,Simonich,asimonichnl@list-manage.com,Male,47.95.16.175
851,Wynny,Kemble,wkemblenm@deviantart.com,Female,223.212.199.31
852,Lawton,Klink,lklinknn@csmonitor.com,Male,161.246.113.241
853,Wain,Layman,wlaymanno@uiuc.edu,Male,239.205.57.28
854,Amory,Sancroft,asancroftnp@dion.ne.jp,Agender,231.221.70.110
855,Gregor,Asaaf,gasaafnq@myspace.com,Male,152.183.182.142
856,Cherrita,Reddoch,creddochnr@istockphoto.com,Female,81.167.202.177
857,Stephenie,Abbate,sabbatens@soup.io,Female,148.253.187.22
858,Margarete,Magwood,mmagwoodnt@webeden.co.uk,Female,38.57.202.31
859,Malvin,Pedrick,mpedricknu@princeton.edu,Male,199.106.3.51
860,Mireille,Adami,madaminv@kickstarter.com,Bigender,240.76.66.242
861,Alana,Harwick,aharwicknw@theglobeandmail.com,Agender,16.157.193.36
862,Natka,Peasby,npeasbynx@bloomberg.com,Female,225.158.27.188
863,Torie,Driver,tdriverny@senate.gov,Female,28.177.51.226
864,Reinhard,Godson,rgodsonnz@redcross.org,Male,197.245.245.84
865,Chance,Slack,cslacko0@google.nl,Male,227.118.204.209
866,Elianora,Hutchinges,ehutchingeso1@cnet.com,Female,252.165.25.230
867,Lazare,Cohen,lcoheno2@kickstarter.com,Male,68.105.128.176
868,Nydia,Rosengarten,nrosengarteno3@mail.ru,Polygender,91.240.70.66
869,Bernardine,Copplestone,bcopplestoneo4@quantcast.com,Female,182.89.176.164
870,Noemi,Spilsbury,nspilsburyo5@elpais.com,Female,174.8.116.167
871,Kurt,Bakewell,kbakewello6@typepad.com,Male,115.43.247.239
872,Hakeem,Surgen,hsurgeno7@fastcompany.com,Male,171.66.147.88
873,Fairleigh,Lago,flagoo8@tuttocitta.it,Male,72.8.179.87
874,Gustavo,Warlowe,gwarloweo9@omniture.com,Male,43.220.148.106
875,Kym,Carless,kcarlessoa@statcounter.com,Female,54.114.201.37
876,Ralph,Haithwaite,rhaithwaiteob@businessweek.com,Male,119.153.156.46
877,Erasmus,Schruur,eschruuroc@drupal.org,Agender,86.33.27.40
878,D'arcy,Tarling,dtarlingod@sphinn.com,Male,9.21.176.84
879,Ede,Robison,erobisonoe@xrea.com,Female,97.28.71.74
880,Conni,Tuttiett,ctuttiettof@ihg.com,Female,129.30.12.145
881,Barbie,Robertot,brobertotog@creativecommons.org,Female,193.167.245.49
882,Mellicent,Delamar,mdelamaroh@de.vu,Female,16.216.232.32
883,Hugues,Bonifas,hbonifasoi@flavors.me,Male,157.234.44.77
884,Sophronia,Buesnel,sbuesneloj@irs.gov,Female,207.186.246.242
885,Aubrette,Overall,aoverallok@cbslocal.com,Female,53.69.31.214
886,Karoline,Powling,kpowlingol@scribd.com,Female,193.56.100.60
887,Maurene,Danelutti,mdaneluttiom@shop-pro.jp,Female,44.243.189.96
888,Town,Stopher,tstopheron@cocolog-nifty.com,Male,28.36.227.240
889,Horatia,Borg,hborgoo@psu.edu,Female,66.58.41.181
890,Janka,Mossdale,jmossdaleop@histats.com,Female,180.96.136.101
891,Lillis,Lawther,llawtheroq@clickbank.net,Female,224.21.171.247
892,Carleen,Beaton,cbeatonor@sciencedaily.com,Female,183.189.75.112
893,Scarlett,Teather,steatheros@earthlink.net,Polygender,174.87.73.155
894,Vaughan,Lukacs,vlukacsot@yale.edu,Male,83.79.110.203
895,Marjory,Hewes,mhewesou@huffingtonpost.com,Female,26.138.189.220
896,Saundra,Nolton,snoltonov@intel.com,Male,52.119.49.9
897,Gerrie,Thomtson,gthomtsonow@dropbox.com,Female,215.88.183.240
898,Rosabel,Kobera,rkoberaox@multiply.com,Female,167.235.48.225
899,Tallia,Shard,tshardoy@123-reg.co.uk,Female,184.245.20.233
900,Rosie,Prestwich,rprestwichoz@go.com,Agender,75.200.95.150
901,Gayle,MacDearmont,gmacdearmontp0@imdb.com,Genderfluid,49.249.99.139
902,Normand,Gentile,ngentilep1@unblog.fr,Male,181.128.94.17
903,Stephana,Bohler,sbohlerp2@google.ru,Female,168.67.18.103
904,Bruce,Jupe,bjupep3@paginegialle.it,Male,62.93.218.97
905,Grace,Swansbury,gswansburyp4@taobao.com,Female,1.230.81.5
906,Laird,Pattinson,lpattinsonp5@purevolume.com,Male,182.106.252.192
907,Pamella,Nurny,pnurnyp6@gov.uk,Female,189.228.227.21
908,Celinda,Minto,cmintop7@de.vu,Female,132.53.60.1
909,Stephan,Cocher,scocherp8@desdev.cn,Male,5.30.167.243
910,Beckie,Egan,beganp9@arizona.edu,Female,83.148.147.241
911,Jeffie,Pendlebery,jpendleberypa@illinois.edu,Male,83.96.164.129
912,Torey,Birbeck,tbirbeckpb@google.es,Male,83.61.71.202
913,Rockie,Queen,rqueenpc@kickstarter.com,Male,11.251.231.174
914,Katharina,Krysiak,kkrysiakpd@nba.com,Female,169.126.65.200
915,Velma,Atger,vatgerpe@wp.com,Female,40.96.83.152
916,Marti,Broddle,mbroddlepf@cnbc.com,Female,191.116.58.19
917,Brock,Found,bfoundpg@state.gov,Male,50.19.216.24
918,Maire,Coaker,mcoakerph@youku.com,Female,56.2.143.226
919,Colin,Gini,cginipi@clickbank.net,Male,98.112.183.9
920,Nonie,Offer,nofferpj@google.ru,Female,6.152.10.182
921,Kalila,Balog,kbalogpk@independent.co.uk,Female,16.223.83.174
922,Dulci,Harker,dharkerpl@addthis.com,Female,35.56.94.215
923,Andrew,Munsey,amunseypm@tamu.edu,Male,106.7.34.105
924,Hailey,Crush,hcrushpn@sogou.com,Male,122.223.140.233
925,Meredeth,Casero,mcaseropo@china.com.cn,Male,88.101.56.214
926,Jarib,Mascall,jmascallpp@comsenz.com,Male,212.139.110.106
927,Felic,Streetley,fstreetleypq@yahoo.co.jp,Male,233.149.96.56
928,Tamara,Emberson,tembersonpr@loc.gov,Female,172.92.38.236
929,Pamelina,Formoy,pformoyps@zimbio.com,Non-binary,235.124.231.24
930,Hasheem,Creaney,hcreaneypt@usnews.com,Male,93.99.1.56
931,Lorry,Boorn,lboornpu@samsung.com,Male,87.191.86.116
932,Dav,Jancar,djancarpv@joomla.org,Male,161.101.225.38
933,Bryna,Wigg,bwiggpw@mapy.cz,Female,173.3.150.163
934,Lauretta,Daffey,ldaffeypx@jiathis.com,Non-binary,141.190.208.18
935,Ora,Wohler,owohlerpy@arstechnica.com,Female,8.28.220.102
936,Tibold,MacMenamin,tmacmenaminpz@google.com,Male,192.108.62.43
937,Stearne,Quoit,squoitq0@rambler.ru,Male,150.230.169.130
938,Monti,Doxey,mdoxeyq1@usgs.gov,Male,76.17.40.190
939,Natalina,Holbarrow,nholbarrowq2@prweb.com,Female,29.13.75.160
940,Helaina,Aickin,haickinq3@sohu.com,Female,247.64.82.194
941,Karlik,Ledeker,kledekerq4@telegraph.co.uk,Male,17.157.108.133
942,Kirsti,Booty,kbootyq5@goodreads.com,Female,73.174.219.80
943,Olivero,Ritchard,oritchardq6@free.fr,Male,248.38.235.29
944,Pooh,Boulter,pboulterq7@t.co,Female,98.99.102.154
945,Sybilla,Baldocci,sbaldocciq8@tripadvisor.com,Female,78.97.136.164
946,Margie,Di Batista,mdibatistaq9@hp.com,Female,252.55.233.210
947,Bobine,Nazaret,bnazaretqa@wikispaces.com,Female,2.219.142.227
948,Annecorinne,Troth,atrothqb@cnn.com,Female,221.179.210.216
949,Godfry,Niese,gnieseqc@about.com,Male,208.146.79.112
950,Christoper,Whartonby,cwhartonbyqd@list-manage.com,Male,253.90.139.79
951,Kleon,Blakeley,kblakeleyqe@liveinternet.ru,Male,102.174.42.116
952,Vern,Stieger,vstiegerqf@gizmodo.com,Male,106.148.11.201
953,Roarke,Iscowitz,riscowitzqg@canalblog.com,Male,121.191.94.251
954,Marten,Guillon,mguillonqh@zimbio.com,Male,46.150.191.198
955,Mahalia,Cowlin,mcowlinqi@yahoo.com,Female,83.159.224.247
956,Artemus,Highman,ahighmanqj@wunderground.com,Male,107.227.178.122
957,Ronald,Watkins,rwatkinsqk@squarespace.com,Bigender,132.91.211.18
958,Konstance,Ethington,kethingtonql@adobe.com,Female,230.39.95.6
959,Karalynn,Petriello,kpetrielloqm@forbes.com,Female,158.146.0.114
960,Fabian,MacGuigan,fmacguiganqn@is.gd,Male,239.123.8.251
961,Cate,Lohan,clohanqo@shutterfly.com,Female,77.168.3.218
962,Yevette,Leavens,yleavensqp@dailymotion.com,Female,111.87.237.64
963,Nellie,Latimer,nlatimerqq@cdc.gov,Female,36.168.207.77
964,Rayner,Walthall,rwalthallqr@accuweather.com,Male,198.65.15.117
965,Phillipe,Libbey,plibbeyqs@house.gov,Male,231.165.252.49
966,Lodovico,Durdy,ldurdyqt@eventbrite.com,Male,130.202.141.64
967,Gerhardt,Cook,gcookqu@cocolog-nifty.com,Male,206.120.174.46
968,Reube,Jervis,rjervisqv@who.int,Male,39.133.97.128
969,Ulrica,Huddle,uhuddleqw@ustream.tv,Non-binary,50.149.191.199
970,Crin,Pawelczyk,cpawelczykqx@google.pl,Female,229.139.99.217
971,Charlotte,Ather,catherqy@eepurl.com,Female,111.172.226.210
972,Antonina,Tootin,atootinqz@spiegel.de,Female,235.80.39.37
973,Janeta,Macon,jmaconr0@microsoft.com,Female,58.232.109.2
974,Mendel,Ellin,mellinr1@altervista.org,Male,7.109.134.211
975,Bret,Ferenczy,bferenczyr2@youtu.be,Male,172.157.166.118
976,Bernarr,Doughartie,bdoughartier3@ftc.gov,Male,101.13.123.240
977,Federico,Klimko,fklimkor4@usnews.com,Male,89.148.57.131
978,Angel,Ezzy,aezzyr5@sphinn.com,Female,232.255.165.250
979,Gibb,Coulton,gcoultonr6@shinystat.com,Male,116.75.23.143
980,Claude,Le Grys,clegrysr7@quantcast.com,Agender,134.238.186.180
981,Annelise,Amber,aamberr8@blogs.com,Female,57.176.111.240
982,Batholomew,Conville,bconviller9@rakuten.co.jp,Male,247.38.68.103
983,Luise,Murkin,lmurkinra@google.com.au,Female,90.159.126.76
984,Aldin,Epple,aepplerb@desdev.cn,Agender,45.12.17.128
985,Moshe,Goodayle,mgoodaylerc@over-blog.com,Male,86.178.185.215
986,Michelina,Sellick,msellickrd@jiathis.com,Female,11.208.74.107
987,Arline,Colquit,acolquitre@google.com,Female,157.253.197.64
988,Waverley,Gammons,wgammonsrf@ezinearticles.com,Male,166.45.195.63
989,Michal,Atty,mattyrg@imageshack.us,Male,90.215.223.84
990,Ricki,Agney,ragneyrh@howstuffworks.com,Female,56.141.144.177
991,Goober,Ropcke,gropckeri@ucoz.com,Genderqueer,85.40.98.116
992,Bron,Barbour,bbarbourrj@ucoz.ru,Male,162.250.56.195
993,Brendis,Kerton,bkertonrk@delicious.com,Male,187.196.64.83
994,Wanda,Oxteby,woxtebyrl@answers.com,Non-binary,138.44.37.142
995,Sherm,Stubbert,sstubbertrm@nyu.edu,Male,63.11.239.139
996,Chere,Ropp,cropprn@cisco.com,Female,6.195.215.139
997,Artemis,Whittington,awhittingtonro@illinois.edu,Male,130.155.255.44
998,Georgine,Hazeldean,ghazeldeanrp@amazon.co.jp,Female,130.57.77.249
999,Cynthy,Papen,cpapenrq@ezinearticles.com,Female,135.21.112.243
1000,Domeniga,Wiltshire,dwiltshirerr@squarespace.com,Female,212.100.87.183
